season,tourname,tourid,start_date,end_date,type,tournum,scrape_timestamp
2003,Mercedes Championships,R2003016,2003-01-09,2003-01-12,STD,10,2020-01-25T18:36:28Z
2003,Sony Open in Hawaii,R2003006,2003-01-16,2003-01-19,STD,20,2020-01-25T18:36:28Z
2003,Phoenix Open,R2003003,2003-01-23,2003-01-26,STD,30,2020-01-25T18:36:28Z
2003,Bob Hope Chrysler Classic,R2003002,2003-01-29,2003-02-02,STD,40,2020-01-25T18:36:28Z
2003,AT&T Pebble Beach National Pro-Am,R2003005,2003-02-06,2003-02-09,STD,50,2020-01-25T18:36:28Z
2003,Buick Invitational,R2003004,2003-02-13,2003-02-16,STD,60,2020-01-25T18:36:28Z
2003,Nissan Open,R2003007,2003-02-20,2003-02-23,STD,70,2020-01-25T18:36:28Z
2003,Chrysler Classic of Tucson,R2003001,2003-02-27,2003-03-02,STD,80,2020-01-25T18:36:28Z
2003,World Golf Championships-Accenture Match Play Championship,R2003470,2003-02-27,2003-03-02,STD,90,2020-01-25T18:36:28Z
2003,Ford Championship at Doral,R2003008,2003-03-06,2003-03-09,STD,100,2020-01-25T18:36:28Z
2003,The Honda Classic,R2003010,2003-03-13,2003-03-16,STD,110,2020-01-25T18:36:28Z
2003,Bay Hill Invitational presented by Cooper Tires,R2003009,2003-03-20,2003-03-23,STD,120,2020-01-25T18:36:28Z
2003,THE PLAYERS Championship,R2003011,2003-03-27,2003-03-30,STD,130,2020-01-25T18:36:28Z
2003,BellSouth Classic,R2003022,2003-04-03,2003-04-06,STD,140,2020-01-25T18:36:28Z
2003,Masters Tournament,R2003014,2003-04-10,2003-04-13,STD,150,2020-01-25T18:36:28Z
2003,MCI Heritage,R2003012,2003-04-17,2003-04-20,STD,160,2020-01-25T18:36:28Z
2003,Shell Houston Open,R2003020,2003-04-24,2003-04-27,STD,170,2020-01-25T18:36:28Z
2003,HP Classic of New Orleans,R2003018,2003-05-01,2003-05-04,STD,180,2020-01-25T18:36:28Z
2003,Wachovia Championship,R2003480,2003-05-08,2003-05-11,STD,190,2020-01-25T18:36:28Z
2003,EDS Byron Nelson Championship,R2003019,2003-05-15,2003-05-18,STD,200,2020-01-25T18:36:28Z
2003,Bank of America Colonial,R2003021,2003-05-22,2003-05-25,STD,210,2020-01-25T18:36:28Z
2003,the Memorial Tournament,R2003023,2003-05-29,2003-06-01,STD,220,2020-01-25T18:36:28Z
2003,FBR Capital Open,R2003024,2003-06-05,2003-06-08,STD,230,2020-01-25T18:36:28Z
2003,U.S. Open Championship,R2003026,2003-06-12,2003-06-15,STD,240,2020-01-25T18:36:28Z
2003,Buick Classic,R2003027,2003-06-19,2003-06-22,STD,250,2020-01-25T18:36:28Z
2003,FedEx St. Jude Classic,R2003025,2003-06-26,2003-06-29,STD,260,2020-01-25T18:36:28Z
2003,100th Western Open presented by Golf Digest,R2003028,2003-07-03,2003-07-06,STD,270,2020-01-25T18:36:28Z
2003,Greater Milwaukee Open,R2003029,2003-07-10,2003-07-13,STD,280,2020-01-25T18:36:28Z
2003,B.C. Open,R2003037,2003-07-17,2003-07-20,STD,290,2020-01-25T18:36:28Z
2003,The Open Championship,R2003100,2003-07-17,2003-07-20,STD,300,2020-01-25T18:36:28Z
2003,Greater Hartford Open,R2003034,2003-07-24,2003-07-27,STD,310,2020-01-25T18:36:28Z
2003,Buick Open,R2003035,2003-07-31,2003-08-03,STD,320,2020-01-25T18:36:28Z
2003,The INTERNATIONAL,R2003056,2003-08-07,2003-08-10,STD,330,2020-01-25T18:36:28Z
2003,PGA Championship,R2003033,2003-08-14,2003-08-17,STD,340,2020-01-25T18:36:28Z
2003,Reno-Tahoe Open,R2003472,2003-08-21,2003-08-24,STD,350,2020-01-25T18:36:28Z
2003,World Golf Championships-NEC Invitational,R2003476,2003-08-21,2003-08-24,STD,360,2020-01-25T18:36:28Z
2003,Deutsche Bank Championship,R2003505,2003-08-29,2003-09-01,STD,370,2020-01-25T18:36:28Z
2003,Bell Canadian Open,R2003032,2003-09-04,2003-09-07,STD,380,2020-01-25T18:36:28Z
2003,John Deere Classic,R2003030,2003-09-11,2003-09-14,STD,390,2020-01-25T18:36:28Z
2003,84 Lumber Classic of Pennsylvania,R2003474,2003-09-18,2003-09-21,STD,400,2020-01-25T18:36:28Z
2003,Valero Texas Open,R2003041,2003-09-25,2003-09-28,STD,410,2020-01-25T18:36:28Z
2003,Southern Farm Bureau Classic,R2003054,2003-10-02,2003-10-05,STD,420,2020-01-25T18:36:28Z
2003,World Golf Championships-American Express Championship,R2003473,2003-10-02,2003-10-05,STD,430,2020-01-25T18:36:28Z
2003,Las Vegas Invitational,R2003047,2003-10-08,2003-10-12,STD,440,2020-01-25T18:36:28Z
2003,Chrysler Classic of Greensboro,R2003013,2003-10-16,2003-10-19,STD,450,2020-01-25T18:36:28Z
2003,FUNAI Classic at the WALT DISNEY WORLD Resort,R2003045,2003-10-23,2003-10-26,STD,460,2020-01-25T18:36:28Z
2003,Chrysler Championship,R2003475,2003-10-30,2003-11-02,STD,470,2020-01-25T18:36:28Z
2003,THE TOUR Championship presented by Coca-Cola,R2003060,2003-11-06,2003-11-09,STD,490,2020-01-25T18:36:28Z
2003,World Golf Championships-World Cup,R2003169,2003-11-13,2003-11-16,STD,500,2020-01-25T18:36:28Z
2003,Franklin Templeton Shootout,R2003058,2003-11-14,2003-11-16,STD,510,2020-01-25T18:36:28Z
2003,Presidents Cup,R2003500,2003-11-20,2003-11-23,STD,520,2020-01-25T18:36:28Z
2003,The ConAgra Foods Skins Game,R2003051,2003-11-29,2003-11-30,STD,530,2020-01-25T18:36:28Z
2003,PGA TOUR Qualifying Tournament,R2003088,2003-12-03,2003-12-08,STD,545,2020-01-25T18:36:28Z
2003,Target World Challenge presented by Williams,R2003478,2003-12-11,2003-12-14,STD,550,2020-01-25T18:36:28Z
2004,Mercedes Championships,R2004016,2004-01-08,2004-01-11,STD,10,2020-01-25T18:36:28Z
2004,Sony Open in Hawaii,R2004006,2004-01-15,2004-01-18,STD,20,2020-01-25T18:36:28Z
2004,Bob Hope Chrysler Classic,R2004002,2004-01-21,2004-01-25,STD,30,2020-01-25T18:36:28Z
2004,FBR Open,R2004003,2004-01-29,2004-02-01,STD,40,2020-01-25T18:36:28Z
2004,AT&T Pebble Beach National Pro-Am,R2004005,2004-02-05,2004-02-08,STD,50,2020-01-25T18:36:28Z
2004,Buick Invitational,R2004004,2004-02-12,2004-02-15,STD,60,2020-01-25T18:36:28Z
2004,Nissan Open,R2004007,2004-02-19,2004-02-22,STD,70,2020-01-25T18:36:28Z
2004,World Golf Championships-Accenture Match Play Championship,R2004470,2004-02-25,2004-02-29,STD,90,2020-01-25T18:36:28Z
2004,Chrysler Classic of Tucson,R2004001,2004-02-26,2004-02-29,STD,80,2020-01-25T18:36:28Z
2004,Ford Championship at Doral,R2004008,2004-03-04,2004-03-07,STD,100,2020-01-25T18:36:28Z
2004,The Honda Classic,R2004010,2004-03-11,2004-03-14,STD,110,2020-01-25T18:36:28Z
2004,Bay Hill Invitational Presented by MasterCard,R2004009,2004-03-18,2004-03-21,STD,120,2020-01-25T18:36:28Z
2004,THE PLAYERS Championship,R2004011,2004-03-25,2004-03-28,STD,130,2020-01-25T18:36:28Z
2004,BellSouth Classic,R2004022,2004-04-01,2004-04-04,STD,140,2020-01-25T18:36:28Z
2004,Masters Tournament,R2004014,2004-04-08,2004-04-11,STD,150,2020-01-25T18:36:28Z
2004,MCI Heritage,R2004012,2004-04-15,2004-04-18,STD,160,2020-01-25T18:36:28Z
2004,Shell Houston Open,R2004020,2004-04-22,2004-04-25,STD,170,2020-01-25T18:36:28Z
2004,HP Classic of New Orleans,R2004018,2004-04-29,2004-05-02,STD,180,2020-01-25T18:36:28Z
2004,Wachovia Championship,R2004480,2004-05-06,2004-05-09,STD,190,2020-01-25T18:36:28Z
2004,EDS Byron Nelson Championship,R2004019,2004-05-13,2004-05-16,STD,200,2020-01-25T18:36:28Z
2004,Bank of America Colonial,R2004021,2004-05-20,2004-05-23,STD,210,2020-01-25T18:36:28Z
2004,FedEx St. Jude Classic,R2004025,2004-05-27,2004-05-30,STD,220,2020-01-25T18:36:28Z
2004,the Memorial Tournament,R2004023,2004-06-03,2004-06-06,STD,230,2020-01-25T18:36:28Z
2004,Buick Classic,R2004027,2004-06-10,2004-06-13,STD,240,2020-01-25T18:36:28Z
2004,U.S. Open Championship,R2004026,2004-06-17,2004-06-20,STD,250,2020-01-25T18:36:28Z
2004,Booz Allen Classic,R2004024,2004-06-24,2004-06-27,STD,260,2020-01-25T18:36:28Z
2004,Cialis Western Open,R2004028,2004-07-01,2004-07-04,STD,270,2020-01-25T18:36:28Z
2004,John Deere Classic,R2004030,2004-07-08,2004-07-11,STD,280,2020-01-25T18:36:28Z
2004,B.C. Open,R2004037,2004-07-15,2004-07-18,STD,290,2020-01-25T18:36:28Z
2004,The Open Championship,R2004100,2004-07-15,2004-07-18,STD,300,2020-01-25T18:36:28Z
2004,U.S. Bank Championship in Milwaukee,R2004029,2004-07-22,2004-07-25,STD,310,2020-01-25T18:36:28Z
2004,Buick Open,R2004035,2004-07-29,2004-08-01,STD,320,2020-01-25T18:36:28Z
2004,The INTERNATIONAL,R2004056,2004-08-05,2004-08-08,STD,330,2020-01-25T18:36:28Z
2004,PGA Championship,R2004033,2004-08-12,2004-08-15,STD,340,2020-01-25T18:36:28Z
2004,Reno-Tahoe Open,R2004472,2004-08-19,2004-08-22,STD,350,2020-01-25T18:36:28Z
2004,World Golf Championships-NEC Invitational,R2004476,2004-08-19,2004-08-22,STD,360,2020-01-25T18:36:28Z
2004,Buick Championship,R2004034,2004-08-26,2004-08-29,STD,370,2020-01-25T18:36:28Z
2004,Deutsche Bank Championship,R2004505,2004-09-03,2004-09-06,STD,380,2020-01-25T18:36:28Z
2004,Bell Canadian Open,R2004032,2004-09-09,2004-09-12,STD,390,2020-01-25T18:36:28Z
2004,Valero Texas Open,R2004041,2004-09-16,2004-09-19,STD,400,2020-01-25T18:36:28Z
2004,Ryder Cup,R2004468,2004-09-17,2004-09-19,STD,410,2020-01-25T18:36:28Z
2004,84 LUMBER Classic,R2004474,2004-09-23,2004-09-26,STD,420,2020-01-25T18:36:28Z
2004,Southern Farm Bureau Classic,R2004054,2004-09-30,2004-10-03,STD,430,2020-01-25T18:36:28Z
2004,World Golf Championships-American Express Championship,R2004473,2004-09-30,2004-10-03,STD,440,2020-01-25T18:36:28Z
2004,Michelin Championship at Las Vegas,R2004047,2004-10-07,2004-10-10,STD,450,2020-01-25T18:36:28Z
2004,Chrysler Classic of Greensboro,R2004013,2004-10-14,2004-10-17,STD,460,2020-01-25T18:36:28Z
2004,FUNAI Classic at the WALT DISNEY WORLD Resort,R2004045,2004-10-21,2004-10-24,STD,470,2020-01-25T18:36:28Z
2004,Chrysler Championship,R2004475,2004-10-28,2004-10-31,STD,480,2020-01-25T18:36:28Z
2004,THE TOUR Championship presented by Coca-Cola,R2004060,2004-11-04,2004-11-07,STD,490,2020-01-25T18:36:28Z
2004,Tommy Bahama Challenge,R2004508,2004-11-09,2004-11-09,STD,495,2020-01-25T18:36:28Z
2004,Franklin Templeton Shootout,R2004058,2004-11-12,2004-11-14,STD,500,2020-01-25T18:36:28Z
2004,World Golf Championships-World Cup,R2004169,2004-11-18,2004-11-21,STD,510,2020-01-25T18:36:28Z
2004,Wendy's 3 Tour Challenge,R2004324,2004-11-22,2004-11-22,STD,511,2020-01-25T18:36:28Z
2004,Shinhan Korea Golf Championship,R2004506,2004-11-25,2004-11-28,STD,515,2020-01-25T18:36:28Z
2004,Merrill Lynch Skins Game,R2004051,2004-11-27,2004-11-28,STD,520,2020-01-25T18:36:28Z
2004,PGA TOUR Qualifying Tournament,R2004088,2004-12-01,2004-12-06,STD,525,2020-01-25T18:36:28Z
2004,Skills Challenge,R2004509,2004-12-03,2004-12-05,STD,521,2020-01-25T18:36:28Z
2004,Target World Challenge,R2004478,2004-12-09,2004-12-12,STD,530,2020-01-25T18:36:28Z
2005,Mercedes Championships,R2005016,2005-01-06,2005-01-09,STD,10,2020-01-25T18:36:28Z
2005,Sony Open in Hawaii,R2005006,2005-01-13,2005-01-16,STD,20,2020-01-25T18:36:28Z
2005,Buick Invitational,R2005004,2005-01-20,2005-01-23,STD,30,2020-01-25T18:36:28Z
2005,Bob Hope Chrysler Classic,R2005002,2005-01-26,2005-01-30,STD,40,2020-01-25T18:36:28Z
2005,FBR Open,R2005003,2005-02-03,2005-02-06,STD,50,2020-01-25T18:36:28Z
2005,AT&T Pebble Beach National Pro-Am,R2005005,2005-02-10,2005-02-13,STD,60,2020-01-25T18:36:28Z
2005,Nissan Open,R2005007,2005-02-17,2005-02-20,STD,70,2020-01-25T18:36:28Z
2005,World Golf Championships-Accenture Match Play Championship,R2005470,2005-02-23,2005-02-27,STD,90,2020-01-25T18:36:28Z
2005,Chrysler Classic of Tucson,R2005001,2005-02-24,2005-02-27,STD,80,2020-01-25T18:36:28Z
2005,Ford Championship at Doral,R2005008,2005-03-03,2005-03-06,STD,100,2020-01-25T18:36:28Z
2005,The Honda Classic,R2005010,2005-03-10,2005-03-13,STD,110,2020-01-25T18:36:28Z
2005,Bay Hill Invitational Presented by MasterCard,R2005009,2005-03-17,2005-03-20,STD,120,2020-01-25T18:36:28Z
2005,THE PLAYERS Championship,R2005011,2005-03-24,2005-03-27,STD,130,2020-01-25T18:36:28Z
2005,BellSouth Classic,R2005022,2005-03-31,2005-04-03,STD,140,2020-01-25T18:36:28Z
2005,Masters Tournament,R2005014,2005-04-07,2005-04-10,STD,150,2020-01-25T18:36:28Z
2005,MCI Heritage,R2005012,2005-04-14,2005-04-17,STD,160,2020-01-25T18:36:28Z
2005,Shell Houston Open,R2005020,2005-04-21,2005-04-24,STD,170,2020-01-25T18:36:28Z
2005,Zurich Classic of New Orleans,R2005018,2005-04-28,2005-05-01,STD,180,2020-01-25T18:36:28Z
2005,Wachovia Championship,R2005480,2005-05-05,2005-05-08,STD,190,2020-01-25T18:36:28Z
2005,EDS Byron Nelson Championship,R2005019,2005-05-12,2005-05-15,STD,200,2020-01-25T18:36:28Z
2005,Bank of America Colonial,R2005021,2005-05-19,2005-05-22,STD,210,2020-01-25T18:36:28Z
2005,FedEx St. Jude Classic,R2005025,2005-05-26,2005-05-29,STD,220,2020-01-25T18:36:28Z
2005,the Memorial Tournament,R2005023,2005-06-02,2005-06-05,STD,230,2020-01-25T18:36:28Z
2005,Booz Allen Classic,R2005024,2005-06-09,2005-06-12,STD,240,2020-01-25T18:36:28Z
2005,U.S. Open Championship,R2005026,2005-06-16,2005-06-19,STD,250,2020-01-25T18:36:28Z
2005,Barclays Classic,R2005027,2005-06-23,2005-06-26,STD,260,2020-01-25T18:36:28Z
2005,Cialis Western Open,R2005028,2005-06-30,2005-07-03,STD,270,2020-01-25T18:36:28Z
2005,John Deere Classic,R2005030,2005-07-07,2005-07-10,STD,280,2020-01-25T18:36:28Z
2005,B.C. Open,R2005037,2005-07-14,2005-07-17,STD,290,2020-01-25T18:36:28Z
2005,The Open Championship,R2005100,2005-07-14,2005-07-17,STD,300,2020-01-25T18:36:28Z
2005,U.S. Bank Championship in Milwaukee,R2005029,2005-07-21,2005-07-24,STD,310,2020-01-25T18:36:28Z
2005,Buick Open,R2005035,2005-07-28,2005-07-31,STD,320,2020-01-25T18:36:28Z
2005,The INTERNATIONAL,R2005056,2005-08-04,2005-08-07,STD,330,2020-01-25T18:36:28Z
2005,PGA Championship,R2005033,2005-08-11,2005-08-14,STD,340,2020-01-25T18:36:28Z
2005,Reno-Tahoe Open,R2005472,2005-08-18,2005-08-21,STD,350,2020-01-25T18:36:28Z
2005,World Golf Championships-NEC Invitational,R2005476,2005-08-18,2005-08-21,STD,360,2020-01-25T18:36:28Z
2005,Buick Championship,R2005034,2005-08-25,2005-08-28,STD,370,2020-01-25T18:36:28Z
2005,Deutsche Bank Championship,R2005505,2005-09-02,2005-09-05,STD,380,2020-01-25T18:36:28Z
2005,Bell Canadian Open,R2005032,2005-09-08,2005-09-11,STD,390,2020-01-25T18:36:28Z
2005,84 LUMBER Classic,R2005474,2005-09-15,2005-09-18,STD,400,2020-01-25T18:36:28Z
2005,Valero Texas Open,R2005041,2005-09-22,2005-09-25,STD,410,2020-01-25T18:36:28Z
2005,Presidents Cup,R2005500,2005-09-22,2005-09-25,STD,420,2020-01-25T18:36:28Z
2005,Chrysler Classic of Greensboro,R2005013,2005-09-29,2005-10-02,STD,430,2020-01-25T18:36:28Z
2005,World Golf Championships-American Express Championship,R2005473,2005-10-06,2005-10-09,STD,450,2020-01-25T18:36:28Z
2005,Michelin Championship at Las Vegas,R2005047,2005-10-13,2005-10-16,STD,460,2020-01-25T18:36:28Z
2005,FUNAI Classic at the WALT DISNEY WORLD Resort,R2005045,2005-10-20,2005-10-23,STD,470,2020-01-25T18:36:28Z
2005,Chrysler Championship,R2005475,2005-10-27,2005-10-30,STD,480,2020-01-25T18:36:28Z
2005,Southern Farm Bureau Classic,R2005054,2005-11-03,2005-11-06,STD,485,2020-01-25T18:36:28Z
2005,THE TOUR Championship presented by Coca-Cola,R2005060,2005-11-03,2005-11-06,STD,490,2020-01-25T18:36:28Z
2005,Tommy Bahama Challenge,R2005508,2005-11-08,2005-11-08,STD,500,2020-01-25T18:36:28Z
2005,Franklin Templeton Shootout,R2005058,2005-11-11,2005-11-13,STD,510,2020-01-25T18:36:28Z
2005,ADT Skills Challenge,R2005509,2005-11-14,2005-11-15,STD,515,2020-01-25T18:36:28Z
2005,Wendy's 3 Tour Challenge,R2005324,2005-11-14,2005-11-15,STD,516,2020-01-25T18:36:28Z
2005,World Golf Championships-Algarve World Cup in Portugal,R2005169,2005-11-17,2005-11-20,STD,520,2020-01-25T18:36:28Z
2005,Merrill Lynch Skins Game,R2005051,2005-11-26,2005-11-27,STD,530,2020-01-25T18:36:28Z
2005,PGA TOUR Qualifying Tournament,R2005088,2005-11-30,2005-12-05,STD,540,2020-01-25T18:36:28Z
2005,Bard Capital Challenge,R2005510,2005-12-04,2005-12-04,STD,535,2020-01-25T18:36:28Z
2005,Target World Challenge presented by Countrywide,R2005478,2005-12-08,2005-12-11,STD,550,2020-01-25T18:36:28Z
2006,Mercedes Championships,R2006016,2006-01-05,2006-01-08,STD,10,2020-01-25T18:36:28Z
2006,Sony Open in Hawaii,R2006006,2006-01-12,2006-01-15,STD,20,2020-01-25T18:36:28Z
2006,Bob Hope Chrysler Classic,R2006002,2006-01-18,2006-01-22,STD,30,2020-01-25T18:36:28Z
2006,Buick Invitational,R2006004,2006-01-26,2006-01-29,STD,40,2020-01-25T18:36:28Z
2006,FBR Open,R2006003,2006-02-02,2006-02-05,STD,50,2020-01-25T18:36:28Z
2006,AT&T Pebble Beach National Pro-Am,R2006005,2006-02-09,2006-02-12,STD,60,2020-01-25T18:36:28Z
2006,Nissan Open,R2006007,2006-02-16,2006-02-19,STD,70,2020-01-25T18:36:28Z
2006,World Golf Championships-Accenture Match Play Championship,R2006470,2006-02-22,2006-02-26,STD,90,2020-01-25T18:36:28Z
2006,Chrysler Classic of Tucson,R2006001,2006-02-23,2006-02-26,STD,80,2020-01-25T18:36:28Z
2006,Ford Championship at Doral,R2006008,2006-03-02,2006-03-05,STD,100,2020-01-25T18:36:28Z
2006,The Honda Classic,R2006010,2006-03-09,2006-03-12,STD,110,2020-01-25T18:36:28Z
2006,Bay Hill Invitational Presented by MasterCard,R2006009,2006-03-16,2006-03-19,STD,120,2020-01-25T18:36:28Z
2006,THE PLAYERS Championship,R2006011,2006-03-23,2006-03-26,STD,130,2020-01-25T18:36:28Z
2006,BellSouth Classic,R2006022,2006-03-30,2006-04-02,STD,140,2020-01-25T18:36:28Z
2006,Masters Tournament,R2006014,2006-04-06,2006-04-09,STD,150,2020-01-25T18:36:28Z
2006,Verizon Heritage,R2006012,2006-04-13,2006-04-16,STD,160,2020-01-25T18:36:28Z
2006,Shell Houston Open,R2006020,2006-04-20,2006-04-23,STD,170,2020-01-25T18:36:28Z
2006,Zurich Classic of New Orleans,R2006018,2006-04-27,2006-04-30,STD,180,2020-01-25T18:36:28Z
2006,Wachovia Championship,R2006480,2006-05-04,2006-05-07,STD,190,2020-01-25T18:36:28Z
2006,EDS Byron Nelson Championship,R2006019,2006-05-11,2006-05-14,STD,200,2020-01-25T18:36:28Z
2006,Bank of America Colonial,R2006021,2006-05-18,2006-05-21,STD,210,2020-01-25T18:36:28Z
2006,FedEx St. Jude Classic,R2006025,2006-05-25,2006-05-28,STD,220,2020-01-25T18:36:28Z
2006,the Memorial Tournament,R2006023,2006-06-01,2006-06-04,STD,230,2020-01-25T18:36:28Z
2006,Barclays Classic,R2006027,2006-06-08,2006-06-11,STD,240,2020-01-25T18:36:28Z
2006,U.S. Open Championship,R2006026,2006-06-15,2006-06-18,STD,250,2020-01-25T18:36:28Z
2006,Booz Allen Classic,R2006024,2006-06-22,2006-06-25,STD,260,2020-01-25T18:36:28Z
2006,Buick Championship,R2006034,2006-06-29,2006-07-02,STD,270,2020-01-25T18:36:28Z
2006,Cialis Western Open,R2006028,2006-07-06,2006-07-09,STD,280,2020-01-25T18:36:28Z
2006,John Deere Classic,R2006030,2006-07-13,2006-07-16,STD,290,2020-01-25T18:36:28Z
2006,B.C. Open presented by Turning Stone Resort,R2006037,2006-07-20,2006-07-23,STD,300,2020-01-25T18:36:28Z
2006,The Open Championship,R2006100,2006-07-20,2006-07-23,STD,310,2020-01-25T18:36:28Z
2006,U.S. Bank Championship in Milwaukee,R2006029,2006-07-27,2006-07-30,STD,320,2020-01-25T18:36:28Z
2006,Buick Open,R2006035,2006-08-03,2006-08-06,STD,330,2020-01-25T18:36:28Z
2006,The INTERNATIONAL,R2006056,2006-08-10,2006-08-13,STD,340,2020-01-25T18:36:28Z
2006,PGA Championship,R2006033,2006-08-17,2006-08-20,STD,350,2020-01-25T18:36:28Z
2006,Reno-Tahoe Open,R2006472,2006-08-24,2006-08-27,STD,360,2020-01-25T18:36:28Z
2006,World Golf Championships-Bridgestone Invitational,R2006476,2006-08-24,2006-08-27,STD,370,2020-01-25T18:36:28Z
2006,Deutsche Bank Championship,R2006505,2006-09-01,2006-09-04,STD,380,2020-01-25T18:36:28Z
2006,Canadian Open,R2006032,2006-09-07,2006-09-10,STD,390,2020-01-25T18:36:28Z
2006,84 LUMBER Classic,R2006474,2006-09-14,2006-09-17,STD,400,2020-01-25T18:36:28Z
2006,Valero Texas Open,R2006041,2006-09-21,2006-09-24,STD,410,2020-01-25T18:36:28Z
2006,Ryder Cup,R2006468,2006-09-22,2006-09-24,STD,420,2020-01-25T18:36:28Z
2006,Southern Farm Bureau Classic,R2006054,2006-09-28,2006-10-01,STD,430,2020-01-25T18:36:28Z
2006,World Golf Championships-American Express Championship,R2006473,2006-09-28,2006-10-01,STD,440,2020-01-25T18:36:28Z
2006,Chrysler Classic of Greensboro,R2006013,2006-10-05,2006-10-08,STD,450,2020-01-25T18:36:28Z
2006,Frys.com Open,R2006047,2006-10-12,2006-10-15,STD,460,2020-01-25T18:36:28Z
2006,FUNAI Classic at the WALT DISNEY WORLD Resort,R2006045,2006-10-19,2006-10-22,STD,470,2020-01-25T18:36:28Z
2006,Chrysler Championship,R2006475,2006-10-26,2006-10-29,STD,480,2020-01-25T18:36:28Z
2006,THE TOUR Championship presented by Coca-Cola,R2006060,2006-11-02,2006-11-05,STD,490,2020-01-25T18:36:28Z
2006,Merrill Lynch Shootout,R2006058,2006-11-10,2006-11-12,STD,510,2020-01-25T18:36:28Z
2006,ADT Skills Challenge,R2006509,2006-11-13,2006-11-13,STD,520,2020-01-25T18:36:28Z
2006,Wendy's 3 Tour Challenge,R2006324,2006-11-13,2006-11-14,STD,525,2020-01-25T18:36:28Z
2006,LG SKINS GAME,R2006051,2006-11-25,2006-11-26,STD,540,2020-01-25T18:36:28Z
2006,PGA TOUR Qualifying Tournament,R2006088,2006-11-29,2006-12-04,STD,545,2020-01-25T18:36:28Z
2006,World Golf Championships-Barbados World Cup,R2006169,2006-12-07,2006-12-10,STD,550,2020-01-25T18:36:28Z
2006,Target World Challenge presented by Countrywide,R2006478,2006-12-14,2006-12-17,STD,560,2020-01-25T18:36:28Z
2007,Mercedes-Benz Championship,R2007016,2007-01-04,2007-01-07,STD,10,2020-01-25T18:36:28Z
2007,Sony Open in Hawaii,R2007006,2007-01-11,2007-01-14,STD,20,2020-01-25T18:36:28Z
2007,Bob Hope Chrysler Classic,R2007002,2007-01-17,2007-01-21,STD,30,2020-01-25T18:36:28Z
2007,Buick Invitational,R2007004,2007-01-25,2007-01-28,STD,40,2020-01-25T18:36:28Z
2007,FBR Open,R2007003,2007-02-01,2007-02-04,STD,50,2020-01-25T18:36:28Z
2007,AT&T Pebble Beach National Pro-Am,R2007005,2007-02-08,2007-02-11,STD,60,2020-01-25T18:36:28Z
2007,Nissan Open,R2007007,2007-02-15,2007-02-18,STD,70,2020-01-25T18:36:28Z
2007,World Golf Championships-Accenture Match Play Championship,R2007470,2007-02-21,2007-02-25,WGC,90,2020-01-25T18:36:28Z
2007,Mayakoba Golf Classic at Riviera Maya-Cancun,R2007457,2007-02-22,2007-02-25,ALT,80,2020-01-25T18:36:28Z
2007,The Honda Classic,R2007010,2007-03-01,2007-03-04,STD,100,2020-01-25T18:36:28Z
2007,PODS Championship,R2007475,2007-03-08,2007-03-11,STD,110,2020-01-25T18:36:28Z
2007,Arnold Palmer Invitational presented by MasterCard,R2007009,2007-03-15,2007-03-18,STD,120,2020-01-25T18:36:28Z
2007,World Golf Championships-CA Championship,R2007473,2007-03-22,2007-03-25,WGC,130,2020-01-25T18:36:28Z
2007,Shell Houston Open,R2007020,2007-03-29,2007-04-01,STD,140,2020-01-25T18:36:28Z
2007,Masters Tournament,R2007014,2007-04-05,2007-04-08,MJR,150,2020-01-25T18:36:28Z
2007,Verizon Heritage,R2007012,2007-04-12,2007-04-15,STD,160,2020-01-25T18:36:28Z
2007,Zurich Classic of New Orleans,R2007018,2007-04-19,2007-04-22,STD,170,2020-01-25T18:36:28Z
2007,EDS Byron Nelson Championship,R2007019,2007-04-26,2007-04-29,STD,180,2020-01-25T18:36:28Z
2007,Wachovia Championship,R2007480,2007-05-03,2007-05-06,STD,190,2020-01-25T18:36:28Z
2007,THE PLAYERS Championship,R2007011,2007-05-10,2007-05-13,MJR,200,2020-01-25T18:36:28Z
2007,AT&T Classic,R2007022,2007-05-17,2007-05-20,STD,210,2020-01-25T18:36:28Z
2007,Crowne Plaza Invitational at Colonial,R2007021,2007-05-24,2007-05-27,STD,220,2020-01-25T18:36:28Z
2007,the Memorial Tournament presented by Morgan Stanley,R2007023,2007-05-31,2007-06-03,STD,230,2020-01-25T18:36:28Z
2007,Stanford St. Jude Championship,R2007025,2007-06-07,2007-06-10,STD,240,2020-01-25T18:36:28Z
2007,U.S. Open Championship,R2007026,2007-06-14,2007-06-17,MJR,250,2020-01-25T18:36:28Z
2007,Travelers Championship,R2007034,2007-06-21,2007-06-24,STD,260,2020-01-25T18:36:28Z
2007,Buick Open,R2007035,2007-06-28,2007-07-01,STD,270,2020-01-25T18:36:28Z
2007,AT&T National,R2007471,2007-07-05,2007-07-08,STD,280,2020-01-25T18:36:28Z
2007,John Deere Classic,R2007030,2007-07-12,2007-07-15,STD,290,2020-01-25T18:36:28Z
2007,U.S. Bank Championship in Milwaukee,R2007029,2007-07-19,2007-07-22,ALT,300,2020-01-25T18:36:28Z
2007,The Open Championship,R2007100,2007-07-19,2007-07-22,MJR,310,2020-01-25T18:36:28Z
2007,Canadian Open presented by Franklin Templeton Investments,R2007032,2007-07-26,2007-07-29,STD,320,2020-01-25T18:36:28Z
2007,Reno-Tahoe Open,R2007472,2007-08-02,2007-08-05,ALT,330,2020-01-25T18:36:28Z
2007,World Golf Championships-Bridgestone Invitational,R2007476,2007-08-02,2007-08-05,WGC,340,2020-01-25T18:36:28Z
2007,PGA Championship,R2007033,2007-08-09,2007-08-12,MJR,350,2020-01-25T18:36:28Z
2007,Wyndham Championship,R2007013,2007-08-16,2007-08-19,LRS,360,2020-01-25T18:36:28Z
2007,The Barclays,R2007027,2007-08-23,2007-08-26,PLF,370,2020-01-25T18:36:28Z
2007,Deutsche Bank Championship,R2007505,2007-08-31,2007-09-03,PLF,380,2020-01-25T18:36:28Z
2007,BMW Championship,R2007028,2007-09-06,2007-09-09,PLF,390,2020-01-25T18:36:28Z
2007,THE TOUR Championship presented by Coca-Cola,R2007060,2007-09-13,2007-09-16,PLF,400,2020-01-25T18:36:28Z
2007,Turning Stone Resort Championship,R2007481,2007-09-20,2007-09-23,FAL,410,2020-01-25T18:36:28Z
2007,Viking Classic,R2007054,2007-09-27,2007-09-30,FAL,420,2020-01-25T18:36:28Z
2007,Presidents Cup,R2007500,2007-09-27,2007-09-30,OTH,430,2020-01-25T18:36:28Z
2007,Valero Texas Open,R2007041,2007-10-04,2007-10-07,FAL,440,2020-01-25T18:36:28Z
2007,Frys.com Open benefiting Shriners Hospitals for Children,R2007047,2007-10-11,2007-10-14,FAL,450,2020-01-25T18:36:28Z
2007,Fry's Electronics Open,R2007464,2007-10-18,2007-10-21,FAL,460,2020-01-25T18:36:28Z
2007,Ginn sur Mer Classic at Tesoro,R2007482,2007-10-25,2007-10-28,FAL,465,2020-01-25T18:36:28Z
2007,Children's Miracle Network Classic presented by Wal-Mart,R2007045,2007-11-01,2007-11-04,FAL,480,2020-01-25T18:36:28Z
2007,ADT Skills Challenge,R2007509,2007-11-05,2007-11-05,OTH,485,2020-01-25T18:36:28Z
2007,Wendy's 3 Tour Challenge,R2007324,2007-11-12,2007-11-13,OTH,495,2020-01-25T18:36:28Z
2007,OMEGA Mission Hills World Cup,R2007169,2007-11-22,2007-11-25,OTH,505,2020-01-25T18:36:28Z
2007,LG SKINS GAME,R2007051,2007-11-24,2007-11-25,OTH,507,2020-01-25T18:36:28Z
2007,PGA TOUR Qualifying Tournament,R2007088,2007-11-28,2007-12-03,OTH,522,2020-01-25T18:36:28Z
2007,Merrill Lynch Shootout,R2007058,2007-12-07,2007-12-09,OTH,525,2020-01-25T18:36:28Z
2007,Target World Challenge,R2007478,2007-12-13,2007-12-16,OTH,535,2020-01-25T18:36:28Z
2008,Mercedes-Benz Championship,R2008016,2008-01-03,2008-01-06,STD,10,2020-01-25T18:36:28Z
2008,Sony Open in Hawaii,R2008006,2008-01-10,2008-01-13,STD,20,2020-01-25T18:36:28Z
2008,Bob Hope Chrysler Classic,R2008002,2008-01-16,2008-01-20,STD,30,2020-01-25T18:36:28Z
2008,Buick Invitational,R2008004,2008-01-24,2008-01-27,STD,40,2020-01-25T18:36:28Z
2008,FBR Open,R2008003,2008-01-31,2008-02-03,STD,50,2020-01-25T18:36:28Z
2008,AT&T Pebble Beach National Pro-Am,R2008005,2008-02-07,2008-02-10,STD,60,2020-01-25T18:36:28Z
2008,Northern Trust Open,R2008007,2008-02-14,2008-02-17,STD,70,2020-01-25T18:36:28Z
2008,World Golf Championships-Accenture Match Play Championship,R2008470,2008-02-20,2008-02-24,WGC,90,2020-01-25T18:36:28Z
2008,Mayakoba Golf Classic at Riviera Maya-Cancun,R2008457,2008-02-21,2008-02-24,ALT,80,2020-01-25T18:36:28Z
2008,The Honda Classic,R2008010,2008-02-28,2008-03-02,STD,100,2020-01-25T18:36:28Z
2008,PODS Championship,R2008475,2008-03-06,2008-03-09,STD,110,2020-01-25T18:36:28Z
2008,Arnold Palmer Invitational presented by MasterCard,R2008009,2008-03-13,2008-03-16,STD,120,2020-01-25T18:36:28Z
2008,Puerto Rico Open presented by Banco Popular,R2008483,2008-03-20,2008-03-23,ALT,130,2020-01-25T18:36:28Z
2008,World Golf Championships-CA Championship,R2008473,2008-03-20,2008-03-23,WGC,140,2020-01-25T18:36:28Z
2008,Tavistock Cup,R2008485,2008-03-24,2008-03-25,OTH,145,2020-01-25T18:36:28Z
2008,Zurich Classic of New Orleans,R2008018,2008-03-27,2008-03-30,STD,150,2020-01-25T18:36:28Z
2008,Shell Houston Open,R2008020,2008-04-03,2008-04-06,STD,160,2020-01-25T18:36:28Z
2008,Masters Tournament,R2008014,2008-04-10,2008-04-13,MJR,170,2020-01-25T18:36:28Z
2008,Verizon Heritage,R2008012,2008-04-17,2008-04-20,STD,180,2020-01-25T18:36:28Z
2008,EDS Byron Nelson Championship,R2008019,2008-04-24,2008-04-27,STD,190,2020-01-25T18:36:28Z
2008,Wachovia Championship,R2008480,2008-05-01,2008-05-04,STD,200,2020-01-25T18:36:28Z
2008,THE PLAYERS Championship,R2008011,2008-05-08,2008-05-11,MJR,210,2020-01-25T18:36:28Z
2008,AT&T Classic,R2008022,2008-05-15,2008-05-18,STD,220,2020-01-25T18:36:28Z
2008,Crowne Plaza Invitational at Colonial,R2008021,2008-05-22,2008-05-25,STD,230,2020-01-25T18:36:28Z
2008,the Memorial Tournament presented by Morgan Stanley,R2008023,2008-05-29,2008-06-01,STD,240,2020-01-25T18:36:28Z
2008,Stanford St. Jude Championship,R2008025,2008-06-05,2008-06-08,STD,250,2020-01-25T18:36:28Z
2008,U.S. Open Championship,R2008026,2008-06-12,2008-06-15,MJR,260,2020-01-25T18:36:28Z
2008,Travelers Championship,R2008034,2008-06-19,2008-06-22,STD,270,2020-01-25T18:36:28Z
2008,CVS/Caremark Charity Classic,R2008486,2008-06-22,2008-06-24,OTH,275,2020-01-25T18:36:28Z
2008,Buick Open,R2008035,2008-06-26,2008-06-29,STD,280,2020-01-25T18:36:28Z
2008,AT&T National,R2008471,2008-07-03,2008-07-06,STD,290,2020-01-25T18:36:28Z
2008,John Deere Classic,R2008030,2008-07-10,2008-07-13,STD,300,2020-01-25T18:36:28Z
2008,U.S. Bank Championship in Milwaukee,R2008029,2008-07-17,2008-07-20,ALT,310,2020-01-25T18:36:28Z
2008,The Open Championship,R2008100,2008-07-17,2008-07-20,MJR,320,2020-01-25T18:36:28Z
2008,RBC Canadian Open,R2008032,2008-07-24,2008-07-27,STD,330,2020-01-25T18:36:28Z
2008,Legends Reno-Tahoe Open,R2008472,2008-07-31,2008-08-03,ALT,340,2020-01-25T18:36:28Z
2008,World Golf Championships-Bridgestone Invitational,R2008476,2008-07-31,2008-08-03,WGC,350,2020-01-25T18:36:28Z
2008,PGA Championship,R2008033,2008-08-07,2008-08-10,MJR,360,2020-01-25T18:36:28Z
2008,Wyndham Championship,R2008013,2008-08-14,2008-08-17,LRS,370,2020-01-25T18:36:28Z
2008,The Barclays,R2008027,2008-08-21,2008-08-24,PLF,380,2020-01-25T18:36:28Z
2008,Deutsche Bank Championship,R2008505,2008-08-29,2008-09-01,PLF,390,2020-01-25T18:36:28Z
2008,BMW Championship,R2008028,2008-09-04,2008-09-07,PLF,400,2020-01-25T18:36:28Z
2008,Viking Classic,R2008054,2008-09-18,2008-09-21,FAL,410,2020-01-25T18:36:28Z
2008,Ryder Cup,R2008468,2008-09-18,2008-09-21,OTH,420,2020-01-25T18:36:28Z
2008,THE TOUR Championship presented by Coca-Cola,R2008060,2008-09-25,2008-09-28,PLF,430,2020-01-25T18:36:28Z
2008,Turning Stone Resort Championship,R2008481,2008-10-02,2008-10-05,FAL,440,2020-01-25T18:36:28Z
2008,Valero Texas Open,R2008041,2008-10-09,2008-10-12,FAL,450,2020-01-25T18:36:28Z
2008,PGA Grand Slam,R2008504,2008-10-14,2008-10-15,OTH,455,2020-01-25T18:36:28Z
2008,Justin Timberlake Shriners Hospitals for Children Open,R2008047,2008-10-16,2008-10-19,FAL,460,2020-01-25T18:36:28Z
2008,Frys.com Open,R2008464,2008-10-23,2008-10-26,FAL,470,2020-01-25T18:36:28Z
2008,Kiwi Challenge,R2008488,2008-10-27,2008-10-28,OTH,475,2020-01-25T18:36:28Z
2008,Ginn sur Mer Classic,R2008482,2008-10-30,2008-11-02,FAL,480,2020-01-25T18:36:28Z
2008,ADT Skills Challenge,R2008509,2008-11-03,2008-11-03,OTH,485,2020-01-25T18:36:28Z
2008,Children's Miracle Network Classic presented by Wal-Mart,R2008045,2008-11-06,2008-11-09,FAL,490,2020-01-25T18:36:28Z
2008,Wendy's 3-Tour Challenge,R2008324,2008-11-11,2008-11-11,OTH,492,2020-01-25T18:36:28Z
2008,OMEGA Mission Hills World Cup,R2008169,2008-11-27,2008-11-30,OTH,510,2020-01-25T18:36:28Z
2008,LG SKINS GAME,R2008051,2008-11-29,2008-11-30,OTH,512,2020-01-25T18:36:28Z
2008,PGA TOUR Qualifying Tournament,R2008088,2008-12-03,2008-12-08,OTH,520,2020-01-25T18:36:28Z
2008,Merrill Lynch Shootout,R2008058,2008-12-12,2008-12-14,OTH,530,2020-01-25T18:36:28Z
2008,Chevron World Challenge presented by Bank of America,R2008478,2008-12-18,2008-12-21,OTH,540,2020-01-25T18:36:28Z
2009,Mercedes-Benz Championship,R2009016,2009-01-08,2009-01-11,STD,10,2020-01-25T18:36:28Z
2009,Sony Open in Hawaii,R2009006,2009-01-15,2009-01-18,STD,20,2020-01-25T18:36:28Z
2009,The 50th Bob Hope Classic hosted by Arnold Palmer,R2009002,2009-01-21,2009-01-25,STD,30,2020-01-25T18:36:28Z
2009,FBR Open,R2009003,2009-01-29,2009-02-01,STD,40,2020-01-25T18:36:28Z
2009,Buick Invitational,R2009004,2009-02-05,2009-02-08,STD,50,2020-01-25T18:36:28Z
2009,AT&T Pebble Beach National Pro-Am,R2009005,2009-02-12,2009-02-15,STD,60,2020-01-25T18:36:28Z
2009,Northern Trust Open,R2009007,2009-02-19,2009-02-22,STD,70,2020-01-25T18:36:28Z
2009,World Golf Championships-Accenture Match Play Championship,R2009470,2009-02-25,2009-03-01,WGC,90,2020-01-25T18:36:28Z
2009,Mayakoba Golf Classic at Riviera Maya-Cancun,R2009457,2009-02-26,2009-03-01,ALT,80,2020-01-25T18:36:28Z
2009,The Honda Classic,R2009010,2009-03-05,2009-03-08,STD,100,2020-01-25T18:36:28Z
2009,Puerto Rico Open presented by Banco Popular,R2009483,2009-03-12,2009-03-15,ALT,110,2020-01-25T18:36:28Z
2009,World Golf Championships-CA Championship,R2009473,2009-03-12,2009-03-15,WGC,120,2020-01-25T18:36:28Z
2009,Tavistock Cup,R2009485,2009-03-16,2009-03-17,OTH,125,2020-01-25T18:36:28Z
2009,Transitions Championship,R2009475,2009-03-19,2009-03-22,STD,130,2020-01-25T18:36:28Z
2009,Arnold Palmer Invitational presented by MasterCard,R2009009,2009-03-26,2009-03-29,STD,140,2020-01-25T18:36:28Z
2009,Shell Houston Open,R2009020,2009-04-02,2009-04-05,STD,150,2020-01-25T18:36:28Z
2009,Masters Tournament,R2009014,2009-04-09,2009-04-12,MJR,160,2020-01-25T18:36:28Z
2009,Verizon Heritage,R2009012,2009-04-16,2009-04-19,STD,170,2020-01-25T18:36:28Z
2009,Zurich Classic of New Orleans,R2009018,2009-04-23,2009-04-26,STD,180,2020-01-25T18:36:28Z
2009,Quail Hollow Championship,R2009480,2009-04-30,2009-05-03,STD,190,2020-01-25T18:36:28Z
2009,THE PLAYERS Championship,R2009011,2009-05-07,2009-05-10,MJR,200,2020-01-25T18:36:28Z
2009,Valero Texas Open,R2009041,2009-05-14,2009-05-17,STD,210,2020-01-25T18:36:28Z
2009,HP Byron Nelson Championship,R2009019,2009-05-21,2009-05-24,STD,220,2020-01-25T18:36:28Z
2009,Crowne Plaza Invitational at Colonial,R2009021,2009-05-28,2009-05-31,STD,230,2020-01-25T18:36:28Z
2009,the Memorial Tournament,R2009023,2009-06-04,2009-06-07,STD,240,2020-01-25T18:36:28Z
2009,St. Jude Classic presented by FedEx,R2009025,2009-06-11,2009-06-14,STD,250,2020-01-25T18:36:28Z
2009,U.S. Open Championship,R2009026,2009-06-18,2009-06-21,MJR,260,2020-01-25T18:36:28Z
2009,CVS/Caremark Charity Classic,R2009486,2009-06-21,2009-06-23,OTH,265,2020-01-25T18:36:28Z
2009,Travelers Championship,R2009034,2009-06-25,2009-06-28,STD,270,2020-01-25T18:36:28Z
2009,AT&T National,R2009471,2009-07-02,2009-07-05,STD,280,2020-01-25T18:36:28Z
2009,John Deere Classic,R2009030,2009-07-09,2009-07-12,STD,290,2020-01-25T18:36:28Z
2009,U.S. Bank Championship in Milwaukee,R2009029,2009-07-16,2009-07-19,ALT,300,2020-01-25T18:36:28Z
2009,The Open Championship,R2009100,2009-07-16,2009-07-19,MJR,310,2020-01-25T18:36:28Z
2009,RBC Canadian Open,R2009032,2009-07-23,2009-07-26,STD,320,2020-01-25T18:36:28Z
2009,Buick Open,R2009035,2009-07-30,2009-08-02,STD,330,2020-01-25T18:36:28Z
2009,Legends Reno-Tahoe Open,R2009472,2009-08-06,2009-08-09,ALT,340,2020-01-25T18:36:28Z
2009,World Golf Championships-Bridgestone Invitational,R2009476,2009-08-06,2009-08-09,WGC,350,2020-01-25T18:36:28Z
2009,PGA Championship,R2009033,2009-08-13,2009-08-16,MJR,360,2020-01-25T18:36:28Z
2009,Wyndham Championship,R2009013,2009-08-20,2009-08-23,LRS,370,2020-01-25T18:36:28Z
2009,The Barclays,R2009027,2009-08-27,2009-08-30,PLF,380,2020-01-25T18:36:28Z
2009,Deutsche Bank Championship,R2009505,2009-09-04,2009-09-07,PLF,390,2020-01-25T18:36:28Z
2009,BMW Championship,R2009028,2009-09-10,2009-09-13,PLF,400,2020-01-25T18:36:28Z
2009,THE TOUR Championship presented by Coca-Cola,R2009060,2009-09-24,2009-09-27,PLS,410,2020-01-25T18:36:28Z
2009,Turning Stone Resort Championship,R2009481,2009-10-01,2009-10-04,FAL,420,2020-01-25T18:36:28Z
2009,Presidents Cup,R2009500,2009-10-08,2009-10-11,OTH,430,2020-01-25T18:36:28Z
2009,Justin Timberlake Shriners Hospitals for Children Open,R2009047,2009-10-15,2009-10-18,FAL,440,2020-01-25T18:36:28Z
2009,PGA Grand Slam,R2009504,2009-10-19,2009-10-21,OTH,445,2020-01-25T18:36:28Z
2009,Frys.com Open,R2009464,2009-10-22,2009-10-25,FAL,450,2020-01-25T18:36:28Z
2009,ADT Skills Challenge,R2009509,2009-10-26,2009-10-26,OTH,455,2020-01-25T18:36:28Z
2009,Viking Classic,R2009054,2009-10-29,2009-11-01,FAL,460,2020-01-25T18:36:28Z
2009,World Golf Championships-HSBC Champions,R2009489,2009-11-05,2009-11-08,OTH,465,2020-01-25T18:36:28Z
2009,Wendy's 3-Tour Challenge,R2009324,2009-11-09,2009-11-10,OTH,470,2020-01-25T18:36:28Z
2009,Kiwi Challenge,R2009488,2009-11-10,2009-11-11,OTH,475,2020-01-25T18:36:28Z
2009,Children's Miracle Network Classic,R2009045,2009-11-12,2009-11-15,FAL,480,2020-01-25T18:36:28Z
2009,OMEGA Mission Hills World Cup,R2009169,2009-11-26,2009-11-29,OTH,505,2020-01-25T18:36:28Z
2009,PGA TOUR Qualifying Tournament,R2009088,2009-12-02,2009-12-07,OTH,522,2020-01-25T18:36:28Z
2009,Chevron World Challenge,R2009478,2009-12-03,2009-12-06,OTH,520,2020-01-25T18:36:28Z
2009,The Shark Shootout,R2009058,2009-12-11,2009-12-13,OTH,530,2020-01-25T18:36:28Z
2010,SBS Championship,R2010016,2010-01-07,2010-01-10,STD,10,2020-01-25T18:36:28Z
2010,Sony Open in Hawaii,R2010006,2010-01-14,2010-01-17,STD,20,2020-01-25T18:36:28Z
2010,Bob Hope Classic,R2010002,2010-01-20,2010-01-24,STD,30,2020-01-25T18:36:28Z
2010,Farmers Insurance Open,R2010004,2010-01-28,2010-01-31,STD,40,2020-01-25T18:36:28Z
2010,Northern Trust Open,R2010007,2010-02-04,2010-02-07,STD,50,2020-01-25T18:36:28Z
2010,AT&T Pebble Beach National Pro-Am,R2010005,2010-02-11,2010-02-14,STD,60,2020-01-25T18:36:28Z
2010,World Golf Championships-Accenture Match Play Championship,R2010470,2010-02-17,2010-02-21,WGC,80,2020-01-25T18:36:28Z
2010,Mayakoba Golf Classic at Riviera Maya-Cancun,R2010457,2010-02-18,2010-02-21,ALT,70,2020-01-25T18:36:28Z
2010,Waste Management Phoenix Open,R2010003,2010-02-25,2010-02-28,STD,90,2020-01-25T18:36:28Z
2010,The Honda Classic,R2010010,2010-03-04,2010-03-07,STD,100,2020-01-25T18:36:28Z
2010,Puerto Rico Open presented by Banco Popular,R2010483,2010-03-11,2010-03-14,ALT,110,2020-01-25T18:36:28Z
2010,World Golf Championships-CA Championship,R2010473,2010-03-11,2010-03-14,WGC,120,2020-01-25T18:36:28Z
2010,Transitions Championship,R2010475,2010-03-18,2010-03-21,STD,130,2020-01-25T18:36:28Z
2010,Tavistock Cup,R2010485,2010-03-22,2010-03-23,OTH,136,2020-01-25T18:36:28Z
2010,Arnold Palmer Invitational presented by MasterCard,R2010009,2010-03-25,2010-03-28,STD,140,2020-01-25T18:36:28Z
2010,Shell Houston Open,R2010020,2010-04-01,2010-04-04,STD,150,2020-01-25T18:36:28Z
2010,Masters Tournament,R2010014,2010-04-08,2010-04-11,MJR,160,2020-01-25T18:36:28Z
2010,Verizon Heritage,R2010012,2010-04-15,2010-04-18,STD,170,2020-01-25T18:36:28Z
2010,Zurich Classic of New Orleans,R2010018,2010-04-22,2010-04-25,STD,180,2020-01-25T18:36:28Z
2010,Quail Hollow Championship,R2010480,2010-04-29,2010-05-02,STD,190,2020-01-25T18:36:28Z
2010,THE PLAYERS Championship,R2010011,2010-05-06,2010-05-09,MJR,200,2020-01-25T18:36:28Z
2010,Valero Texas Open,R2010041,2010-05-13,2010-05-16,STD,210,2020-01-25T18:36:28Z
2010,HP Byron Nelson Championship,R2010019,2010-05-20,2010-05-23,STD,220,2020-01-25T18:36:28Z
2010,Crowne Plaza Invitational at Colonial,R2010021,2010-05-27,2010-05-30,STD,230,2020-01-25T18:36:28Z
2010,the Memorial Tournament presented by Nationwide Insurance,R2010023,2010-06-03,2010-06-06,STD,240,2020-01-25T18:36:28Z
2010,St. Jude Classic presented by Smith & Nephew,R2010025,2010-06-10,2010-06-13,STD,250,2020-01-25T18:36:28Z
2010,U.S. Open Championship,R2010026,2010-06-17,2010-06-20,MJR,260,2020-01-25T18:36:28Z
2010,Travelers Championship,R2010034,2010-06-24,2010-06-27,STD,270,2020-01-25T18:36:28Z
2010,CVS Caremark Charity Classic,R2010486,2010-06-28,2010-06-29,OTH,275,2020-01-25T18:36:28Z
2010,AT&T National,R2010471,2010-07-01,2010-07-04,STD,280,2020-01-25T18:36:28Z
2010,John Deere Classic,R2010030,2010-07-08,2010-07-11,STD,290,2020-01-25T18:36:28Z
2010,Reno-Tahoe Open,R2010472,2010-07-15,2010-07-18,ALT,300,2020-01-25T18:36:28Z
2010,The Open Championship,R2010100,2010-07-15,2010-07-18,MJR,310,2020-01-25T18:36:28Z
2010,RBC Canadian Open,R2010032,2010-07-22,2010-07-25,STD,320,2020-01-25T18:36:28Z
2010,The Greenbrier Classic,R2010490,2010-07-29,2010-08-01,STD,330,2020-01-25T18:36:28Z
2010,Turning Stone Resort Championship,R2010481,2010-08-05,2010-08-08,ALT,340,2020-01-25T18:36:28Z
2010,World Golf Championships-Bridgestone Invitational,R2010476,2010-08-05,2010-08-08,WGC,350,2020-01-25T18:36:28Z
2010,PGA Championship,R2010033,2010-08-12,2010-08-15,MJR,360,2020-01-25T18:36:28Z
2010,Wyndham Championship,R2010013,2010-08-19,2010-08-22,LRS,370,2020-01-25T18:36:28Z
2010,The Barclays,R2010027,2010-08-26,2010-08-29,PLF,380,2020-01-25T18:36:28Z
2010,Deutsche Bank Championship,R2010505,2010-09-03,2010-09-06,PLF,390,2020-01-25T18:36:28Z
2010,BMW Championship,R2010028,2010-09-09,2010-09-12,PLF,400,2020-01-25T18:36:28Z
2010,THE TOUR Championship presented by Coca-Cola,R2010060,2010-09-23,2010-09-26,PLS,410,2020-01-25T18:36:28Z
2010,Viking Classic,R2010054,2010-09-30,2010-10-03,FAL,420,2020-01-25T18:36:28Z
2010,Ryder Cup,R2010468,2010-10-01,2010-10-03,OTH,430,2020-01-25T18:36:28Z
2010,The McGladrey Classic,R2010493,2010-10-07,2010-10-10,FAL,440,2020-01-25T18:36:28Z
2010,Frys.com Open,R2010464,2010-10-14,2010-10-17,FAL,450,2020-01-25T18:36:28Z
2010,PGA Grand Slam of Golf,R2010504,2010-10-19,2010-10-20,OTH,455,2020-01-25T18:36:28Z
2010,Justin Timberlake Shriners Hospitals for Children Open,R2010047,2010-10-21,2010-10-24,FAL,460,2020-01-25T18:36:28Z
2010,CIMB Asia Pacific Classic Malaysia,R2010494,2010-10-28,2010-10-31,OTH,470,2020-01-25T18:36:28Z
2010,World Golf Championships-HSBC Champions,R2010489,2010-11-04,2010-11-07,OTH,480,2020-01-25T18:36:28Z
2010,Wendy's 3-Tour Challenge,R2010324,2010-11-08,2010-11-09,OTH,485,2020-01-25T18:36:28Z
2010,Children's Miracle Network Classic,R2010045,2010-11-11,2010-11-14,FAL,490,2020-01-25T18:36:28Z
2010,ADT Skills Challenge,R2010509,2010-11-15,2010-11-15,OTH,495,2020-01-25T18:36:28Z
2010,PGA TOUR Qualifying Tournament,R2010088,2010-12-01,2010-12-06,OTH,525,2020-01-25T18:36:28Z
2010,Chevron World Challenge,R2010478,2010-12-02,2010-12-05,OTH,520,2020-01-25T18:36:28Z
2010,The Shark Shootout,R2010058,2010-12-10,2010-12-12,OTH,530,2020-01-25T18:36:28Z
2011,Hyundai Tournament of Champions,R2011016,2011-01-06,2011-01-09,STD,10,2020-01-25T18:36:28Z
2011,Sony Open in Hawaii,R2011006,2011-01-13,2011-01-16,STD,20,2020-01-25T18:36:28Z
2011,Bob Hope Classic,R2011002,2011-01-19,2011-01-23,STD,30,2020-01-25T18:36:28Z
2011,Farmers Insurance Open,R2011004,2011-01-27,2011-01-30,STD,40,2020-01-25T18:36:28Z
2011,Waste Management Phoenix Open,R2011003,2011-02-03,2011-02-06,STD,50,2020-01-25T18:36:28Z
2011,AT&T Pebble Beach National Pro-Am,R2011005,2011-02-10,2011-02-13,STD,60,2020-01-25T18:36:28Z
2011,Northern Trust Open,R2011007,2011-02-17,2011-02-20,STD,70,2020-01-25T18:36:28Z
2011,World Golf Championships-Accenture Match Play Championship,R2011470,2011-02-23,2011-02-27,WGC,90,2020-01-25T18:36:28Z
2011,Mayakoba Golf Classic at Riviera Maya-Cancun,R2011457,2011-02-24,2011-02-27,ALT,80,2020-01-25T18:36:28Z
2011,The Honda Classic,R2011010,2011-03-03,2011-03-06,STD,100,2020-01-25T18:36:28Z
2011,Puerto Rico Open presented by seepuertorico.com,R2011483,2011-03-10,2011-03-13,ALT,110,2020-01-25T18:36:28Z
2011,World Golf Championships-Cadillac Championship,R2011473,2011-03-10,2011-03-13,WGC,120,2020-01-25T18:36:28Z
2011,Tavistock Cup,R2011485,2011-03-14,2011-03-15,OTH,125,2020-01-25T18:36:28Z
2011,Transitions Championship,R2011475,2011-03-17,2011-03-20,STD,130,2020-01-25T18:36:28Z
2011,Arnold Palmer Invitational presented by MasterCard,R2011009,2011-03-24,2011-03-27,STD,140,2020-01-25T18:36:28Z
2011,Shell Houston Open,R2011020,2011-03-31,2011-04-03,STD,150,2020-01-25T18:36:28Z
2011,Masters Tournament,R2011014,2011-04-07,2011-04-10,MJR,160,2020-01-25T18:36:28Z
2011,Valero Texas Open,R2011041,2011-04-14,2011-04-17,STD,170,2020-01-25T18:36:28Z
2011,The Heritage,R2011012,2011-04-21,2011-04-24,STD,180,2020-01-25T18:36:28Z
2011,Zurich Classic of New Orleans,R2011018,2011-04-28,2011-05-01,STD,190,2020-01-25T18:36:28Z
2011,Wells Fargo Championship,R2011480,2011-05-05,2011-05-08,STD,200,2020-01-25T18:36:28Z
2011,THE PLAYERS Championship,R2011011,2011-05-12,2011-05-15,MJR,210,2020-01-25T18:36:28Z
2011,Crowne Plaza Invitational at Colonial,R2011021,2011-05-19,2011-05-22,STD,220,2020-01-25T18:36:28Z
2011,HP Byron Nelson Championship,R2011019,2011-05-26,2011-05-29,STD,230,2020-01-25T18:36:28Z
2011,the Memorial Tournament presented by Nationwide Insurance,R2011023,2011-06-02,2011-06-05,STD,240,2020-01-25T18:36:28Z
2011,FedEx St. Jude Classic,R2011025,2011-06-09,2011-06-12,STD,250,2020-01-25T18:36:28Z
2011,U.S. Open,R2011026,2011-06-16,2011-06-19,MJR,260,2020-01-25T18:36:28Z
2011,CVS Caremark Charity Classic,R2011486,2011-06-20,2011-06-21,OTH,265,2020-01-25T18:36:28Z
2011,Travelers Championship,R2011034,2011-06-23,2011-06-26,STD,270,2020-01-25T18:36:28Z
2011,AT&T National,R2011471,2011-06-30,2011-07-03,STD,280,2020-01-25T18:36:28Z
2011,John Deere Classic,R2011030,2011-07-07,2011-07-10,STD,290,2020-01-25T18:36:28Z
2011,Viking Classic,R2011054,2011-07-14,2011-07-17,ALT,300,2020-01-25T18:36:28Z
2011,The Open Championship,R2011100,2011-07-14,2011-07-17,MJR,310,2020-01-25T18:36:28Z
2011,RBC Canadian Open,R2011032,2011-07-21,2011-07-24,STD,320,2020-01-25T18:36:28Z
2011,The Greenbrier Classic,R2011490,2011-07-28,2011-07-31,STD,330,2020-01-25T18:36:28Z
2011,Reno-Tahoe Open,R2011472,2011-08-04,2011-08-07,ALT,340,2020-01-25T18:36:28Z
2011,World Golf Championships-Bridgestone Invitational,R2011476,2011-08-04,2011-08-07,WGC,350,2020-01-25T18:36:28Z
2011,PGA Championship,R2011033,2011-08-11,2011-08-14,MJR,360,2020-01-25T18:36:28Z
2011,Wyndham Championship,R2011013,2011-08-18,2011-08-21,LRS,370,2020-01-25T18:36:28Z
2011,The Barclays,R2011027,2011-08-25,2011-08-28,PLF,380,2020-01-25T18:36:28Z
2011,Deutsche Bank Championship,R2011505,2011-09-02,2011-09-05,PLF,390,2020-01-25T18:36:28Z
2011,BMW Championship,R2011028,2011-09-15,2011-09-18,PLF,400,2020-01-25T18:36:28Z
2011,TOUR Championship by Coca-Cola,R2011060,2011-09-22,2011-09-25,PLS,410,2020-01-25T18:36:28Z
2011,Justin Timberlake Shriners Hospitals for Children Open,R2011047,2011-09-29,2011-10-02,FAL,420,2020-01-25T18:36:28Z
2011,Frys.com Open,R2011464,2011-10-06,2011-10-09,FAL,430,2020-01-25T18:36:28Z
2011,The McGladrey Classic,R2011493,2011-10-13,2011-10-16,FAL,440,2020-01-25T18:36:28Z
2011,PGA Grand Slam of Golf,R2011504,2011-10-18,2011-10-19,OTH,445,2020-01-25T18:36:28Z
2011,Children's Miracle Network Hospitals Classic,R2011045,2011-10-20,2011-10-23,FAL,450,2020-01-25T18:36:28Z
2011,CIMB Asia Pacific Classic Malaysia,R2011494,2011-10-27,2011-10-30,OTH,460,2020-01-25T18:36:28Z
2011,World Golf Championships-HSBC Champions,R2011489,2011-11-03,2011-11-06,OTH,470,2020-01-25T18:36:28Z
2011,ADT Skills Challenge,R2011509,2011-11-07,2011-11-07,OTH,473,2020-01-25T18:36:28Z
2011,Wendy's 3-Tour Challenge,R2011324,2011-11-07,2011-11-08,OTH,475,2020-01-25T18:36:28Z
2011,Presidents Cup,R2011500,2011-11-17,2011-11-20,OTH,480,2020-01-25T18:36:28Z
2011,OMEGA Mission Hills World Cup,R2011169,2011-11-24,2011-11-27,OTH,490,2020-01-25T18:36:28Z
2011,PGA TOUR Qualifying Tournament,R2011088,2011-11-30,2011-12-05,OTH,505,2020-01-25T18:36:28Z
2011,Chevron World Challenge,R2011478,2011-12-01,2011-12-04,OTH,500,2020-01-25T18:36:28Z
2011,Franklin Templeton Shootout,R2011058,2011-12-09,2011-12-11,OTH,510,2020-01-25T18:36:28Z
2012,Hyundai Tournament of Champions,R2012016,2012-01-06,2012-01-09,STD,10,2020-01-25T18:36:28Z
2012,Sony Open in Hawaii,R2012006,2012-01-12,2012-01-15,STD,20,2020-01-25T18:36:28Z
2012,Humana Challenge in partnership with the Clinton Foundation,R2012002,2012-01-19,2012-01-22,STD,30,2020-01-25T18:36:28Z
2012,Farmers Insurance Open,R2012004,2012-01-26,2012-01-29,STD,40,2020-01-25T18:36:28Z
2012,Waste Management Phoenix Open,R2012003,2012-02-02,2012-02-05,STD,50,2020-01-25T18:36:28Z
2012,AT&T Pebble Beach National Pro-Am,R2012005,2012-02-09,2012-02-12,STD,60,2020-01-25T18:36:28Z
2012,Northern Trust Open,R2012007,2012-02-16,2012-02-19,STD,70,2020-01-25T18:36:28Z
2012,World Golf Championships-Accenture Match Play Championship,R2012470,2012-02-22,2012-02-26,WGC,90,2020-01-25T18:36:28Z
2012,Mayakoba Golf Classic,R2012457,2012-02-23,2012-02-26,ALT,80,2020-01-25T18:36:28Z
2012,The Honda Classic,R2012010,2012-03-01,2012-03-04,STD,100,2020-01-25T18:36:28Z
2012,Puerto Rico Open presented by seepuertorico.com,R2012483,2012-03-08,2012-03-11,ALT,110,2020-01-25T18:36:28Z
2012,World Golf Championships-Cadillac Championship,R2012473,2012-03-08,2012-03-11,WGC,120,2020-01-25T18:36:28Z
2012,Transitions Championship,R2012475,2012-03-15,2012-03-18,STD,130,2020-01-25T18:36:28Z
2012,Tavistock Cup,R2012485,2012-03-19,2012-03-20,OTH,135,2020-01-25T18:36:28Z
2012,Arnold Palmer Invitational presented by MasterCard,R2012009,2012-03-22,2012-03-25,STD,140,2020-01-25T18:36:28Z
2012,Shell Houston Open,R2012020,2012-03-29,2012-04-01,STD,150,2020-01-25T18:36:28Z
2012,Masters Tournament,R2012014,2012-04-05,2012-04-08,MJR,160,2020-01-25T18:36:28Z
2012,RBC Heritage,R2012012,2012-04-12,2012-04-15,STD,170,2020-01-25T18:36:28Z
2012,Valero Texas Open,R2012041,2012-04-19,2012-04-22,STD,180,2020-01-25T18:36:28Z
2012,Zurich Classic of New Orleans,R2012018,2012-04-26,2012-04-29,STD,190,2020-01-25T18:36:28Z
2012,Wells Fargo Championship,R2012480,2012-05-03,2012-05-06,STD,200,2020-01-25T18:36:28Z
2012,THE PLAYERS Championship,R2012011,2012-05-10,2012-05-13,MJR,210,2020-01-25T18:36:28Z
2012,HP Byron Nelson Championship,R2012019,2012-05-17,2012-05-20,STD,220,2020-01-25T18:36:28Z
2012,Crowne Plaza Invitational at Colonial,R2012021,2012-05-24,2012-05-27,STD,230,2020-01-25T18:36:28Z
2012,the Memorial Tournament presented by Nationwide Insurance,R2012023,2012-05-31,2012-06-03,STD,240,2020-01-25T18:36:28Z
2012,FedEx St. Jude Classic,R2012025,2012-06-07,2012-06-10,STD,250,2020-01-25T18:36:28Z
2012,U.S. Open,R2012026,2012-06-14,2012-06-17,MJR,260,2020-01-25T18:36:28Z
2012,CVS Caremark Charity Classic,R2012486,2012-06-18,2012-06-19,OTH,265,2020-01-25T18:36:28Z
2012,Travelers Championship,R2012034,2012-06-21,2012-06-24,STD,270,2020-01-25T18:36:28Z
2012,AT&T National,R2012471,2012-06-28,2012-07-01,STD,280,2020-01-25T18:36:28Z
2012,The Greenbrier Classic,R2012490,2012-07-05,2012-07-08,STD,290,2020-01-25T18:36:28Z
2012,John Deere Classic,R2012030,2012-07-12,2012-07-15,STD,300,2020-01-25T18:36:28Z
2012,True South Classic,R2012054,2012-07-19,2012-07-22,ALT,310,2020-01-25T18:36:28Z
2012,The Open Championship,R2012100,2012-07-19,2012-07-22,MJR,320,2020-01-25T18:36:28Z
2012,RBC Canadian Open,R2012032,2012-07-26,2012-07-29,STD,330,2020-01-25T18:36:28Z
2012,Reno-Tahoe Open,R2012472,2012-08-02,2012-08-05,ALT,340,2020-01-25T18:36:28Z
2012,World Golf Championships-Bridgestone Invitational,R2012476,2012-08-02,2012-08-05,WGC,350,2020-01-25T18:36:28Z
2012,PGA Championship,R2012033,2012-08-09,2012-08-12,MJR,360,2020-01-25T18:36:28Z
2012,Wyndham Championship,R2012013,2012-08-16,2012-08-19,LRS,370,2020-01-25T18:36:28Z
2012,The Barclays,R2012027,2012-08-23,2012-08-26,PLF,380,2020-01-25T18:36:28Z
2012,Deutsche Bank Championship,R2012505,2012-08-31,2012-09-03,PLF,390,2020-01-25T18:36:28Z
2012,BMW Championship,R2012028,2012-09-06,2012-09-09,PLF,400,2020-01-25T18:36:28Z
2012,TOUR Championship by Coca-Cola,R2012060,2012-09-20,2012-09-23,PLS,410,2020-01-25T18:36:28Z
2012,Ryder Cup,R2012468,2012-09-28,2012-09-30,OTH,420,2020-01-25T18:36:28Z
2012,Justin Timberlake Shriners Hospitals for Children Open,R2012047,2012-10-04,2012-10-07,FAL,430,2020-01-25T18:36:28Z
2012,Frys.com Open,R2012464,2012-10-11,2012-10-14,FAL,440,2020-01-25T18:36:28Z
2012,The McGladrey Classic,R2012493,2012-10-18,2012-10-21,FAL,450,2020-01-25T18:36:28Z
2012,PGA Grand Slam of Golf,R2012504,2012-10-22,2012-10-24,OTH,455,2020-01-25T18:36:28Z
2012,CIMB Classic,R2012494,2012-10-25,2012-10-28,OTH,460,2020-01-25T18:36:28Z
2012,World Golf Championships-HSBC Champions,R2012489,2012-11-01,2012-11-04,OTH,470,2020-01-25T18:36:28Z
2012,Children's Miracle Network Hospitals Classic,R2012045,2012-11-08,2012-11-11,FAL,480,2020-01-25T18:36:28Z
2012,Wendy's 3-Tour Challenge,R2012324,2012-11-12,2012-11-13,OTH,481,2020-01-25T18:36:28Z
2012,Tyco Golf Skills Challenge,R2012509,2012-11-12,2012-11-14,OTH,483,2020-01-25T18:36:28Z
2012,PGA TOUR Qualifying Tournament,R2012088,2012-11-28,2012-12-03,OTH,505,2020-01-25T18:36:28Z
2012,World Challenge presented by Northwestern Mutual,R2012478,2012-11-29,2012-12-02,OTH,500,2020-01-25T18:36:28Z
2012,Franklin Templeton Shootout,R2012058,2012-12-07,2012-12-09,OTH,510,2020-01-25T18:36:28Z
2013,Hyundai Tournament of Champions,R2013016,2013-01-04,2013-01-07,STD,10,2020-01-25T18:36:28Z
2013,Sony Open in Hawaii,R2013006,2013-01-10,2013-01-13,STD,20,2020-01-25T18:36:28Z
2013,Humana Challenge in partnership with the Clinton Foundation,R2013002,2013-01-17,2013-01-20,STD,30,2020-01-25T18:36:28Z
2013,Farmers Insurance Open,R2013004,2013-01-24,2013-01-27,STD,40,2020-01-25T18:36:28Z
2013,Waste Management Phoenix Open,R2013003,2013-01-31,2013-02-03,STD,50,2020-01-25T18:36:28Z
2013,AT&T Pebble Beach National Pro-Am,R2013005,2013-02-07,2013-02-10,STD,60,2020-01-25T18:36:28Z
2013,Northern Trust Open,R2013007,2013-02-14,2013-02-17,STD,70,2020-01-25T18:36:28Z
2013,World Golf Championships-Accenture Match Play Championship,R2013470,2013-02-20,2013-02-24,WGC,80,2020-01-25T18:36:28Z
2013,The Honda Classic,R2013010,2013-02-28,2013-03-03,STD,90,2020-01-25T18:36:28Z
2013,Puerto Rico Open presented by seepuertorico.com,R2013483,2013-03-07,2013-03-10,ALT,100,2020-01-25T18:36:28Z
2013,World Golf Championships-Cadillac Championship,R2013473,2013-03-07,2013-03-10,WGC,110,2020-01-25T18:36:28Z
2013,Tampa Bay Championship presented by EverBank,R2013475,2013-03-14,2013-03-17,STD,120,2020-01-25T18:36:28Z
2013,Arnold Palmer Invitational presented by MasterCard,R2013009,2013-03-21,2013-03-24,STD,130,2020-01-25T18:36:28Z
2013,Tavistock Cup,R2013485,2013-03-25,2013-03-26,OTH,135,2020-01-25T18:36:28Z
2013,Shell Houston Open,R2013020,2013-03-28,2013-03-31,STD,140,2020-01-25T18:36:28Z
2013,Valero Texas Open,R2013041,2013-04-04,2013-04-07,STD,150,2020-01-25T18:36:28Z
2013,Masters Tournament,R2013014,2013-04-11,2013-04-14,MJR,160,2020-01-25T18:36:28Z
2013,RBC Heritage,R2013012,2013-04-18,2013-04-21,STD,170,2020-01-25T18:36:28Z
2013,Zurich Classic of New Orleans,R2013018,2013-04-25,2013-04-28,STD,180,2020-01-25T18:36:28Z
2013,Wells Fargo Championship,R2013480,2013-05-02,2013-05-05,STD,190,2020-01-25T18:36:28Z
2013,THE PLAYERS Championship,R2013011,2013-05-09,2013-05-12,MJR,200,2020-01-25T18:36:28Z
2013,HP Byron Nelson Championship,R2013019,2013-05-16,2013-05-19,STD,210,2020-01-25T18:36:28Z
2013,Crowne Plaza Invitational at Colonial,R2013021,2013-05-23,2013-05-26,STD,220,2020-01-25T18:36:28Z
2013,the Memorial Tournament presented by Nationwide Insurance,R2013023,2013-05-30,2013-06-02,STD,230,2020-01-25T18:36:28Z
2013,FedEx St. Jude Classic,R2013025,2013-06-06,2013-06-09,STD,240,2020-01-25T18:36:28Z
2013,U.S. Open,R2013026,2013-06-13,2013-06-16,MJR,250,2020-01-25T18:36:28Z
2013,Travelers Championship,R2013034,2013-06-20,2013-06-23,STD,260,2020-01-25T18:36:28Z
2013,CVS Caremark Charity Classic,R2013486,2013-06-24,2013-06-25,OTH,265,2020-01-25T18:36:28Z
2013,AT&T National,R2013471,2013-06-27,2013-06-30,STD,270,2020-01-25T18:36:28Z
2013,The Greenbrier Classic,R2013490,2013-07-04,2013-07-07,STD,280,2020-01-25T18:36:28Z
2013,John Deere Classic,R2013030,2013-07-11,2013-07-14,STD,290,2020-01-25T18:36:28Z
2013,Sanderson Farms Championship,R2013054,2013-07-18,2013-07-21,ALT,300,2020-01-25T18:36:28Z
2013,The Open Championship,R2013100,2013-07-18,2013-07-21,MJR,310,2020-01-25T18:36:28Z
2013,RBC Canadian Open,R2013032,2013-07-25,2013-07-28,STD,320,2020-01-25T18:36:28Z
2013,Reno-Tahoe Open,R2013472,2013-08-01,2013-08-04,ALT,330,2020-01-25T18:36:28Z
2013,World Golf Championships-Bridgestone Invitational,R2013476,2013-08-01,2013-08-04,WGC,340,2020-01-25T18:36:28Z
2013,PGA Championship,R2013033,2013-08-08,2013-08-11,MJR,350,2020-01-25T18:36:28Z
2013,Wyndham Championship,R2013013,2013-08-15,2013-08-18,LRS,360,2020-01-25T18:36:28Z
2013,The Barclays,R2013027,2013-08-22,2013-08-25,PLF,370,2020-01-25T18:36:28Z
2013,Deutsche Bank Championship,R2013505,2013-08-30,2013-09-02,PLF,380,2020-01-25T18:36:28Z
2013,BMW Championship,R2013028,2013-09-12,2013-09-15,PLF,390,2020-01-25T18:36:28Z
2013,TOUR Championship by Coca-Cola,R2013060,2013-09-19,2013-09-22,PLS,400,2020-01-25T18:36:28Z
2013,Presidents Cup,R2013500,2013-10-03,2013-10-06,OTH,410,2020-01-25T18:36:28Z
2014,Frys.com Open,R2014464,2013-10-10,2013-10-13,STD,10,2020-01-25T18:36:28Z
2014,PGA Grand Slam of Golf,R2014504,2013-10-14,2013-10-16,OTH,15,2020-01-25T18:36:28Z
2014,Shriners Hospitals for Children Open,R2014047,2013-10-17,2013-10-20,STD,20,2020-01-25T18:36:28Z
2014,CIMB Classic,R2014494,2013-10-24,2013-10-27,STD,30,2020-01-25T18:36:28Z
2014,World Golf Championships-HSBC Champions,R2014489,2013-10-31,2013-11-03,WGC,40,2020-01-25T18:36:28Z
2014,The McGladrey Classic,R2014493,2013-11-07,2013-11-10,STD,50,2020-01-25T18:36:28Z
2014,Wendy's 3-Tour Challenge,R2014324,2013-11-11,2013-11-12,OTH,55,2020-01-25T18:36:28Z
2014,OHL Classic at Mayakoba,R2014457,2013-11-14,2013-11-17,STD,60,2020-01-25T18:36:28Z
2014,ISPS HANDA World Cup of Golf,R2014169,2013-11-21,2013-11-24,OTH,80,2020-01-25T18:36:28Z
2014,Northwestern Mutual World Challenge,R2014478,2013-12-05,2013-12-08,OTH,90,2020-01-25T18:36:28Z
2014,Franklin Templeton Shootout,R2014058,2013-12-13,2013-12-15,OTH,100,2020-01-25T18:36:28Z
2014,Hyundai Tournament of Champions,R2014016,2014-01-03,2014-01-06,STD,110,2020-01-25T18:36:28Z
2014,Sony Open in Hawaii,R2014006,2014-01-09,2014-01-12,STD,120,2020-01-25T18:36:28Z
2014,Humana Challenge in partnership with the Clinton Foundation,R2014002,2014-01-16,2014-01-19,STD,130,2020-01-25T18:36:28Z
2014,Farmers Insurance Open,R2014004,2014-01-23,2014-01-26,STD,140,2020-01-25T18:36:28Z
2014,Waste Management Phoenix Open,R2014003,2014-01-30,2014-02-02,STD,150,2020-01-25T18:36:28Z
2014,AT&T Pebble Beach National Pro-Am,R2014005,2014-02-06,2014-02-09,STD,160,2020-01-25T18:36:28Z
2014,Northern Trust Open,R2014007,2014-02-13,2014-02-16,STD,170,2020-01-25T18:36:28Z
2014,World Golf Championships-Accenture Match Play Championship,R2014470,2014-02-19,2014-02-23,WGC,180,2020-01-25T18:36:28Z
2014,The Honda Classic,R2014010,2014-02-27,2014-03-02,STD,190,2020-01-25T18:36:28Z
2014,Puerto Rico Open presented by seepuertorico.com,R2014483,2014-03-06,2014-03-09,ALT,200,2020-01-25T18:36:28Z
2014,World Golf Championships-Cadillac Championship,R2014473,2014-03-06,2014-03-09,WGC,210,2020-01-25T18:36:28Z
2014,Valspar Championship,R2014475,2014-03-13,2014-03-16,STD,220,2020-01-25T18:36:28Z
2014,Arnold Palmer Invitational presented by MasterCard,R2014009,2014-03-20,2014-03-23,STD,230,2020-01-25T18:36:28Z
2014,Valero Texas Open,R2014041,2014-03-27,2014-03-30,STD,240,2020-01-25T18:36:28Z
2014,Shell Houston Open,R2014020,2014-04-03,2014-04-06,STD,250,2020-01-25T18:36:28Z
2014,Masters Tournament,R2014014,2014-04-10,2014-04-13,MJR,260,2020-01-25T18:36:28Z
2014,RBC Heritage,R2014012,2014-04-17,2014-04-20,STD,270,2020-01-25T18:36:28Z
2014,Zurich Classic of New Orleans,R2014018,2014-04-24,2014-04-27,STD,280,2020-01-25T18:36:28Z
2014,Wells Fargo Championship,R2014480,2014-05-01,2014-05-04,STD,290,2020-01-25T18:36:28Z
2014,THE PLAYERS Championship,R2014011,2014-05-08,2014-05-11,MJR,300,2020-01-25T18:36:28Z
2014,HP Byron Nelson Championship,R2014019,2014-05-15,2014-05-18,STD,310,2020-01-25T18:36:28Z
2014,Crowne Plaza Invitational at Colonial,R2014021,2014-05-22,2014-05-25,STD,320,2020-01-25T18:36:28Z
2014,the Memorial Tournament presented by Nationwide Insurance,R2014023,2014-05-29,2014-06-01,STD,330,2020-01-25T18:36:28Z
2014,FedEx St. Jude Classic,R2014025,2014-06-05,2014-06-08,STD,340,2020-01-25T18:36:28Z
2014,U.S. Open,R2014026,2014-06-12,2014-06-15,MJR,350,2020-01-25T18:36:28Z
2014,Travelers Championship,R2014034,2014-06-19,2014-06-22,STD,360,2020-01-25T18:36:28Z
2014,CVS Caremark Charity Classic,R2014486,2014-06-23,2014-06-24,OTH,365,2020-01-25T18:36:28Z
2014,Quicken Loans National,R2014471,2014-06-26,2014-06-29,STD,370,2020-01-25T18:36:28Z
2014,The Greenbrier Classic,R2014490,2014-07-03,2014-07-06,STD,380,2020-01-25T18:36:28Z
2014,John Deere Classic,R2014030,2014-07-10,2014-07-13,STD,390,2020-01-25T18:36:28Z
2014,The Open Championship,R2014100,2014-07-17,2014-07-20,MJR,400,2020-01-25T18:36:28Z
2014,RBC Canadian Open,R2014032,2014-07-24,2014-07-27,STD,410,2020-01-25T18:36:28Z
2014,Barracuda Championship,R2014472,2014-07-31,2014-08-03,ALT,420,2020-01-25T18:36:28Z
2014,World Golf Championships-Bridgestone Invitational,R2014476,2014-07-31,2014-08-03,WGC,430,2020-01-25T18:36:28Z
2014,PGA Championship,R2014033,2014-08-07,2014-08-10,MJR,440,2020-01-25T18:36:28Z
2014,Wyndham Championship,R2014013,2014-08-14,2014-08-17,LRS,450,2020-01-25T18:36:28Z
2014,The Barclays,R2014027,2014-08-21,2014-08-24,PLF,460,2020-01-25T18:36:28Z
2014,Deutsche Bank Championship,R2014505,2014-08-29,2014-09-01,PLF,470,2020-01-25T18:36:28Z
2014,BMW Championship,R2014028,2014-09-04,2014-09-07,PLF,480,2020-01-25T18:36:28Z
2014,TOUR Championship by Coca-Cola,R2014060,2014-09-11,2014-09-14,PLS,490,2020-01-25T18:36:28Z
2014,Ryder Cup,R2014468,2014-09-25,2014-09-28,OTH,492,2020-01-25T18:36:28Z
2015,Frys.com Open,R2015464,2014-10-09,2014-10-12,STD,10,2020-01-25T18:36:28Z
2015,PGA Grand Slam of Golf,R2015504,2014-10-14,2014-10-15,OTH,15,2020-01-25T18:36:28Z
2015,Shriners Hospitals for Children Open,R2015047,2014-10-16,2014-10-19,STD,20,2020-01-25T18:36:28Z
2015,The McGladrey Classic,R2015493,2014-10-23,2014-10-26,STD,30,2020-01-25T18:36:28Z
2015,CIMB Classic,R2015494,2014-10-30,2014-11-02,STD,40,2020-01-25T18:36:28Z
2015,Sanderson Farms Championship,R2015054,2014-11-06,2014-11-09,ALT,50,2020-01-25T18:36:28Z
2015,World Golf Championships-HSBC Champions,R2015489,2014-11-06,2014-11-09,WGC,60,2020-01-25T18:36:28Z
2015,OHL Classic at Mayakoba,R2015457,2014-11-13,2014-11-16,STD,70,2020-01-25T18:36:28Z
2015,Hero World Challenge,R2015478,2014-12-04,2014-12-07,OTH,80,2020-01-25T18:36:28Z
2015,Franklin Templeton Shootout,R2015058,2014-12-11,2014-12-13,OTH,90,2020-01-25T18:36:28Z
2015,Hyundai Tournament of Champions,R2015016,2015-01-09,2015-01-12,STD,100,2020-01-25T18:36:28Z
2015,Sony Open in Hawaii,R2015006,2015-01-15,2015-01-18,STD,110,2020-01-25T18:36:28Z
2015,Humana Challenge in partnership with the Clinton Foundation,R2015002,2015-01-22,2015-01-25,STD,120,2020-01-25T18:36:28Z
2015,Waste Management Phoenix Open,R2015003,2015-01-29,2015-02-01,STD,130,2020-01-25T18:36:28Z
2015,Farmers Insurance Open,R2015004,2015-02-05,2015-02-08,STD,140,2020-01-25T18:36:28Z
2015,AT&T Pebble Beach National Pro-Am,R2015005,2015-02-12,2015-02-15,STD,150,2020-01-25T18:36:28Z
2015,Northern Trust Open,R2015007,2015-02-19,2015-02-22,STD,160,2020-01-25T18:36:28Z
2015,The Honda Classic,R2015010,2015-02-26,2015-03-01,STD,170,2020-01-25T18:36:28Z
2015,Puerto Rico Open,R2015483,2015-03-05,2015-03-08,ALT,180,2020-01-25T18:36:28Z
2015,World Golf Championships-Cadillac Championship,R2015473,2015-03-05,2015-03-08,WGC,190,2020-01-25T18:36:28Z
2015,Valspar Championship,R2015475,2015-03-12,2015-03-15,STD,200,2020-01-25T18:36:28Z
2015,Arnold Palmer Invitational presented by MasterCard,R2015009,2015-03-19,2015-03-22,STD,210,2020-01-25T18:36:28Z
2015,Valero Texas Open,R2015041,2015-03-26,2015-03-29,STD,220,2020-01-25T18:36:28Z
2015,Shell Houston Open,R2015020,2015-04-02,2015-04-05,STD,230,2020-01-25T18:36:28Z
2015,Masters Tournament,R2015014,2015-04-09,2015-04-12,MJR,240,2020-01-25T18:36:28Z
2015,RBC Heritage,R2015012,2015-04-16,2015-04-19,STD,250,2020-01-25T18:36:28Z
2015,Zurich Classic of New Orleans,R2015018,2015-04-23,2015-04-26,STD,260,2020-01-25T18:36:28Z
2015,World Golf Championships-Cadillac Match Play,R2015470,2015-04-29,2015-05-03,WGC,270,2020-01-25T18:36:28Z
2015,THE PLAYERS Championship,R2015011,2015-05-07,2015-05-10,MJR,280,2020-01-25T18:36:28Z
2015,Wells Fargo Championship,R2015480,2015-05-14,2015-05-17,STD,290,2020-01-25T18:36:28Z
2015,Crowne Plaza Invitational at  Colonial,R2015021,2015-05-21,2015-05-24,STD,300,2020-01-25T18:36:28Z
2015,AT&T Byron Nelson,R2015019,2015-05-28,2015-05-31,STD,310,2020-01-25T18:36:28Z
2015,the Memorial Tournament presented by Nationwide,R2015023,2015-06-04,2015-06-07,STD,320,2020-01-25T18:36:28Z
2015,FedEx St. Jude Classic,R2015025,2015-06-11,2015-06-14,STD,330,2020-01-25T18:36:28Z
2015,U.S. Open,R2015026,2015-06-18,2015-06-21,MJR,340,2020-01-25T18:36:28Z
2015,Travelers Championship,R2015034,2015-06-25,2015-06-28,STD,350,2020-01-25T18:36:28Z
2015,CVS Health Charity Classic,R2015486,2015-06-29,2015-06-30,OTH,355,2020-01-25T18:36:28Z
2015,The Greenbrier Classic,R2015490,2015-07-02,2015-07-05,STD,360,2020-01-25T18:36:28Z
2015,John Deere Classic,R2015030,2015-07-09,2015-07-12,STD,370,2020-01-25T18:36:28Z
2015,The Open Championship,R2015100,2015-07-16,2015-07-19,MJR,390,2020-01-25T18:36:28Z
2015,Barbasol Championship,R2015518,2015-07-16,2015-07-19,ALT,380,2020-01-25T18:36:28Z
2015,RBC Canadian Open,R2015032,2015-07-23,2015-07-26,STD,400,2020-01-25T18:36:28Z
2015,Quicken Loans National,R2015471,2015-07-30,2015-08-02,STD,410,2020-01-25T18:36:28Z
2015,Barracuda Championship,R2015472,2015-08-06,2015-08-09,ALT,420,2020-01-25T18:36:28Z
2015,World Golf Championships-Bridgestone Invitational,R2015476,2015-08-06,2015-08-09,WGC,430,2020-01-25T18:36:28Z
2015,PGA Championship,R2015033,2015-08-13,2015-08-16,MJR,440,2020-01-25T18:36:28Z
2015,Wyndham Championship,R2015013,2015-08-20,2015-08-23,LRS,450,2020-01-25T18:36:28Z
2015,The Barclays,R2015027,2015-08-27,2015-08-30,PLF,460,2020-01-25T18:36:28Z
2015,Deutsche Bank Championship,R2015505,2015-09-04,2015-09-07,PLF,470,2020-01-25T18:36:28Z
2015,BMW Championship,R2015028,2015-09-17,2015-09-20,PLF,480,2020-01-25T18:36:28Z
2015,TOUR Championship by Coca-Cola,R2015060,2015-09-24,2015-09-27,PLS,490,2020-01-25T18:36:28Z
2015,Presidents Cup,R2015500,2015-10-08,2015-10-11,OTH,500,2020-01-25T18:36:28Z
2016,Frys.com Open,R2016464,2015-10-15,2015-10-18,STD,10,2020-01-25T18:36:28Z
2016,Shriners Hospitals for Children Open,R2016047,2015-10-22,2015-10-25,STD,20,2020-01-25T18:36:28Z
2016,CIMB Classic,R2016494,2015-10-29,2015-11-01,STD,30,2020-01-25T18:36:28Z
2016,Sanderson Farms Championship,R2016054,2015-11-05,2015-11-08,ALT,40,2020-01-25T18:36:28Z
2016,World Golf Championships-HSBC Champions,R2016489,2015-11-05,2015-11-08,WGC,50,2020-01-25T18:36:28Z
2016,OHL Classic at Mayakoba,R2016457,2015-11-12,2015-11-15,STD,60,2020-01-25T18:36:28Z
2016,The RSM Classic,R2016493,2015-11-19,2015-11-22,STD,70,2020-01-25T18:36:28Z
2016,Hero World Challenge,R2016478,2015-12-03,2015-12-06,OTH,80,2020-01-25T18:36:28Z
2016,Franklin Templeton Shootout,R2016058,2015-12-10,2015-12-12,OTH,90,2020-01-25T18:36:28Z
2016,Hyundai Tournament of Champions,R2016016,2016-01-07,2016-01-10,STD,100,2020-01-25T18:36:28Z
2016,Sony Open in Hawaii,R2016006,2016-01-14,2016-01-17,STD,110,2020-01-25T18:36:28Z
2016,CareerBuilder Challenge in partnership with the Clinton Foundation,R2016002,2016-01-21,2016-01-24,STD,120,2020-01-25T18:36:28Z
2016,Farmers Insurance Open,R2016004,2016-01-28,2016-01-31,STD,130,2020-01-25T18:36:28Z
2016,Waste Management Phoenix Open,R2016003,2016-02-04,2016-02-07,STD,140,2020-01-25T18:36:28Z
2016,AT&T Pebble Beach Pro-Am,R2016005,2016-02-11,2016-02-14,STD,150,2020-01-25T18:36:28Z
2016,Northern Trust Open,R2016007,2016-02-18,2016-02-21,STD,160,2020-01-25T18:36:28Z
2016,The Honda Classic,R2016010,2016-02-25,2016-02-28,STD,170,2020-01-25T18:36:28Z
2016,World Golf Championships-Cadillac Championship,R2016473,2016-03-03,2016-03-06,WGC,180,2020-01-25T18:36:28Z
2016,Valspar Championship,R2016475,2016-03-10,2016-03-13,STD,190,2020-01-25T18:36:28Z
2016,Arnold Palmer Invitational presented by MasterCard,R2016009,2016-03-17,2016-03-20,STD,200,2020-01-25T18:36:28Z
2016,World Golf Championships-Dell Match Play,R2016470,2016-03-23,2016-03-27,WGC,220,2020-01-25T18:36:28Z
2016,Puerto Rico Open at Coco Beach,R2016483,2016-03-24,2016-03-27,ALT,210,2020-01-25T18:36:28Z
2016,Shell Houston Open,R2016020,2016-03-31,2016-04-03,STD,230,2020-01-25T18:36:28Z
2016,Masters Tournament,R2016014,2016-04-07,2016-04-10,MJR,240,2020-01-25T18:36:28Z
2016,RBC Heritage,R2016012,2016-04-14,2016-04-17,STD,250,2020-01-25T18:36:28Z
2016,Valero Texas Open,R2016041,2016-04-21,2016-04-24,STD,260,2020-01-25T18:36:28Z
2016,Zurich Classic of New Orleans,R2016018,2016-04-28,2016-05-01,STD,270,2020-01-25T18:36:28Z
2016,Wells Fargo Championship,R2016480,2016-05-05,2016-05-08,STD,280,2020-01-25T18:36:28Z
2016,THE PLAYERS Championship,R2016011,2016-05-12,2016-05-15,MJR,290,2020-01-25T18:36:28Z
2016,AT&T Byron Nelson,R2016019,2016-05-19,2016-05-22,STD,300,2020-01-25T18:36:28Z
2016,DEAN & DELUCA Invitational,R2016021,2016-05-26,2016-05-29,STD,310,2020-01-25T18:36:28Z
2016,the Memorial Tournament presented by Nationwide,R2016023,2016-06-02,2016-06-05,STD,320,2020-01-25T18:36:28Z
2016,FedEx St. Jude Classic,R2016025,2016-06-09,2016-06-12,STD,330,2020-01-25T18:36:28Z
2016,U.S. Open,R2016026,2016-06-16,2016-06-19,MJR,340,2020-01-25T18:36:28Z
2016,Quicken Loans National,R2016471,2016-06-23,2016-06-26,STD,350,2020-01-25T18:36:28Z
2016,CVS Health Charity Classic,R2016486,2016-06-27,2016-06-28,OTH,355,2020-01-25T18:36:28Z
2016,Barracuda Championship,R2016472,2016-06-30,2016-07-03,ALT,360,2020-01-25T18:36:28Z
2016,World Golf Championships-Bridgestone Invitational,R2016476,2016-06-30,2016-07-03,WGC,370,2020-01-25T18:36:28Z
2016,Barbasol Championship,R2016518,2016-07-14,2016-07-17,ALT,390,2020-01-25T18:36:28Z
2016,The Open Championship,R2016100,2016-07-14,2016-07-17,MJR,400,2020-01-25T18:36:28Z
2016,RBC Canadian Open,R2016032,2016-07-21,2016-07-24,STD,410,2020-01-25T18:36:28Z
2016,PGA Championship,R2016033,2016-07-28,2016-07-31,MJR,420,2020-01-25T18:36:28Z
2016,Travelers Championship,R2016034,2016-08-04,2016-08-07,STD,430,2020-01-25T18:36:28Z
2016,John Deere Classic,R2016030,2016-08-11,2016-08-14,STD,450,2020-01-25T18:36:28Z
2016,Olympic Men's Golf Competition,R2016519,2016-08-11,2016-08-14,OTH,440,2020-01-25T18:36:28Z
2016,Wyndham Championship,R2016013,2016-08-18,2016-08-21,LRS,460,2020-01-25T18:36:28Z
2016,The Barclays,R2016027,2016-08-25,2016-08-28,PLF,470,2020-01-25T18:36:28Z
2016,Deutsche Bank Championship,R2016505,2016-09-02,2016-09-05,PLF,480,2020-01-25T18:36:28Z
2016,BMW Championship,R2016028,2016-09-08,2016-09-11,PLF,490,2020-01-25T18:36:28Z
2016,TOUR Championship,R2016060,2016-09-22,2016-09-25,PLS,500,2020-01-25T18:36:28Z
2016,Ryder Cup,R2016468,2016-09-30,2016-10-02,OTH,510,2020-01-25T18:36:28Z
2017,Safeway Open,R2017464,2016-10-13,2016-10-16,STD,10,2020-01-25T18:36:28Z
2017,CIMB Classic,R2017494,2016-10-20,2016-10-23,STD,20,2020-01-25T18:36:28Z
2017,Sanderson Farms Championship,R2017054,2016-10-27,2016-10-30,ALT,30,2020-01-25T18:36:28Z
2017,World Golf Championships-HSBC Champions,R2017489,2016-10-27,2016-10-30,WGC,40,2020-01-25T18:36:28Z
2017,Shriners Hospitals for Children Open,R2017047,2016-11-03,2016-11-06,STD,50,2020-01-25T18:36:28Z
2017,OHL Classic at Mayakoba,R2017457,2016-11-10,2016-11-13,STD,60,2020-01-25T18:36:28Z
2017,The RSM Classic,R2017493,2016-11-17,2016-11-20,STD,70,2020-01-25T18:36:28Z
2017,ISPS HANDA World Cup of Golf,R2017169,2016-11-24,2016-11-27,OTH,80,2020-01-25T18:36:28Z
2017,Hero World Challenge,R2017478,2016-12-01,2016-12-04,OTH,90,2020-01-25T18:36:28Z
2017,Franklin Templeton Shootout,R2017058,2016-12-08,2016-12-10,OTH,100,2020-01-25T18:36:28Z
2017,SBS Tournament of Champions,R2017016,2017-01-05,2017-01-08,STD,110,2020-01-25T18:36:28Z
2017,Sony Open in Hawaii,R2017006,2017-01-12,2017-01-15,STD,120,2020-01-25T18:36:28Z
2017,CareerBuilder Challenge,R2017002,2017-01-19,2017-01-22,STD,130,2020-01-25T18:36:28Z
2017,Farmers Insurance Open,R2017004,2017-01-26,2017-01-29,STD,140,2020-01-25T18:36:28Z
2017,Waste Management Phoenix Open,R2017003,2017-02-02,2017-02-05,STD,150,2020-01-25T18:36:28Z
2017,AT&T Pebble Beach Pro-Am,R2017005,2017-02-09,2017-02-12,STD,160,2020-01-25T18:36:28Z
2017,Genesis Open,R2017007,2017-02-16,2017-02-19,STD,170,2020-01-25T18:36:28Z
2017,The Honda Classic,R2017010,2017-02-23,2017-02-26,STD,180,2020-01-25T18:36:28Z
2017,World Golf Championships-Mexico Championship,R2017473,2017-03-02,2017-03-05,WGC,190,2020-01-25T18:36:28Z
2017,Valspar Championship,R2017475,2017-03-09,2017-03-12,STD,200,2020-01-25T18:36:28Z
2017,Arnold Palmer Invitational presented by Mastercard,R2017009,2017-03-16,2017-03-19,STD,210,2020-01-25T18:36:28Z
2017,World Golf Championships-Dell Technologies Match Play,R2017470,2017-03-22,2017-03-26,WGC,230,2020-01-25T18:36:28Z
2017,Puerto Rico Open,R2017483,2017-03-23,2017-03-26,ALT,220,2020-01-25T18:36:28Z
2017,Shell Houston Open,R2017020,2017-03-30,2017-04-02,STD,240,2020-01-25T18:36:28Z
2017,Masters Tournament,R2017014,2017-04-06,2017-04-09,MJR,250,2020-01-25T18:36:28Z
2017,RBC Heritage,R2017012,2017-04-13,2017-04-16,STD,260,2020-01-25T18:36:28Z
2017,Valero Texas Open,R2017041,2017-04-20,2017-04-23,STD,270,2020-01-25T18:36:28Z
2017,Zurich Classic of New Orleans,R2017018,2017-04-27,2017-04-30,STD,280,2020-01-25T18:36:28Z
2017,Wells Fargo Championship,R2017480,2017-05-04,2017-05-07,STD,290,2020-01-25T18:36:28Z
2017,THE PLAYERS Championship,R2017011,2017-05-11,2017-05-14,MJR,300,2020-01-25T18:36:28Z
2017,AT&T Byron Nelson,R2017019,2017-05-18,2017-05-21,STD,310,2020-01-25T18:36:28Z
2017,DEAN & DELUCA Invitational,R2017021,2017-05-25,2017-05-28,STD,320,2020-01-25T18:36:28Z
2017,the Memorial Tournament presented by Nationwide,R2017023,2017-06-01,2017-06-04,STD,330,2020-01-25T18:36:28Z
2017,FedEx St. Jude Classic,R2017025,2017-06-08,2017-06-11,STD,340,2020-01-25T18:36:28Z
2017,U.S. Open,R2017026,2017-06-15,2017-06-18,MJR,350,2020-01-25T18:36:28Z
2017,CVS Health Charity Classic,R2017486,2017-06-19,2017-06-20,OTH,355,2020-01-25T18:36:28Z
2017,Travelers Championship,R2017034,2017-06-22,2017-06-25,STD,360,2020-01-25T18:36:28Z
2017,Quicken Loans National,R2017471,2017-06-29,2017-07-02,STD,370,2020-01-25T18:36:28Z
2017,The Greenbrier Classic,R2017490,2017-07-06,2017-07-09,STD,380,2020-01-25T18:36:28Z
2017,John Deere Classic,R2017030,2017-07-13,2017-07-16,STD,390,2020-01-25T18:36:28Z
2017,Barbasol Championship,R2017518,2017-07-20,2017-07-23,ALT,400,2020-01-25T18:36:28Z
2017,The Open Championship,R2017100,2017-07-20,2017-07-23,MJR,410,2020-01-25T18:36:28Z
2017,RBC Canadian Open,R2017032,2017-07-27,2017-07-30,STD,420,2020-01-25T18:36:28Z
2017,Barracuda Championship,R2017472,2017-08-03,2017-08-06,ALT,430,2020-01-25T18:36:28Z
2017,World Golf Championships-Bridgestone Invitational,R2017476,2017-08-03,2017-08-06,WGC,440,2020-01-25T18:36:28Z
2017,PGA Championship,R2017033,2017-08-10,2017-08-13,MJR,450,2020-01-25T18:36:28Z
2017,Wyndham Championship,R2017013,2017-08-17,2017-08-20,LRS,460,2020-01-25T18:36:28Z
2017,THE NORTHERN TRUST,R2017027,2017-08-24,2017-08-27,PLF,470,2020-01-25T18:36:28Z
2017,Dell Technologies Championship,R2017505,2017-09-01,2017-09-04,PLF,480,2020-01-25T18:36:28Z
2017,BMW Championship,R2017028,2017-09-14,2017-09-17,PLF,490,2020-01-25T18:36:28Z
2017,TOUR Championship,R2017060,2017-09-21,2017-09-24,PLS,500,2020-01-25T18:36:28Z
2017,Presidents Cup,R2017500,2017-09-28,2017-10-01,OTH,510,2020-01-25T18:36:28Z
2018,Safeway Open,R2018464,2017-10-05,2017-10-08,STD,10,2020-01-25T18:36:28Z
2018,CIMB Classic,R2018494,2017-10-12,2017-10-15,STD,20,2020-01-25T18:36:28Z
2018,THE CJ CUP @ NINE BRIDGES,R2018521,2017-10-19,2017-10-22,STD,30,2020-01-25T18:36:28Z
2018,Sanderson Farms Championship,R2018054,2017-10-26,2017-10-29,ALT,40,2020-01-25T18:36:28Z
2018,World Golf Championships-HSBC Champions,R2018489,2017-10-26,2017-10-29,WGC,50,2020-01-25T18:36:28Z
2018,Shriners Hospitals for Children Open,R2018047,2017-11-02,2017-11-05,STD,60,2020-01-25T18:36:28Z
2018,OHL Classic at Mayakoba,R2018457,2017-11-09,2017-11-12,STD,70,2020-01-25T18:36:28Z
2018,The RSM Classic,R2018493,2017-11-16,2017-11-19,STD,80,2020-01-25T18:36:28Z
2018,Hero World Challenge,R2018478,2017-11-30,2017-12-03,OTH,90,2020-01-25T18:36:28Z
2018,QBE Shootout,R2018058,2017-12-08,2017-12-10,OTH,100,2020-01-25T18:36:28Z
2018,Sentry Tournament of Champions,R2018016,2018-01-04,2018-01-07,STD,110,2020-01-25T18:36:28Z
2018,Sony Open in Hawaii,R2018006,2018-01-11,2018-01-14,STD,120,2020-01-25T18:36:28Z
2018,CareerBuilder Challenge,R2018002,2018-01-18,2018-01-21,STD,130,2020-01-25T18:36:28Z
2018,Farmers Insurance Open,R2018004,2018-01-25,2018-01-28,STD,140,2020-01-25T18:36:28Z
2018,Waste Management Phoenix Open,R2018003,2018-02-01,2018-02-04,STD,150,2020-01-25T18:36:28Z
2018,AT&T Pebble Beach Pro-Am,R2018005,2018-02-08,2018-02-11,STD,160,2020-01-25T18:36:28Z
2018,Genesis Open,R2018007,2018-02-15,2018-02-18,STD,170,2020-01-25T18:36:28Z
2018,The Honda Classic,R2018010,2018-02-22,2018-02-25,STD,180,2020-01-25T18:36:28Z
2018,World Golf Championships-Mexico Championship,R2018473,2018-03-01,2018-03-04,WGC,200,2020-01-25T18:36:28Z
2018,Puerto Rico Open Charity Day,R2018523,2018-03-02,2018-03-03,OTH,190,2020-01-25T18:36:28Z
2018,Valspar Championship,R2018475,2018-03-08,2018-03-11,STD,210,2020-01-25T18:36:28Z
2018,Arnold Palmer Invitational presented by Mastercard,R2018009,2018-03-15,2018-03-18,STD,220,2020-01-25T18:36:28Z
2018,World Golf Championships-Dell Technologies Match Play,R2018470,2018-03-21,2018-03-25,WGC,240,2020-01-25T18:36:28Z
2018,Corales Puntacana Resort & Club Championship,R2018522,2018-03-22,2018-03-25,ALT,230,2020-01-25T18:36:28Z
2018,Houston Open,R2018020,2018-03-29,2018-04-01,STD,250,2020-01-25T18:36:28Z
2018,Masters Tournament,R2018014,2018-04-05,2018-04-08,MJR,260,2020-01-25T18:36:28Z
2018,RBC Heritage,R2018012,2018-04-12,2018-04-15,STD,270,2020-01-25T18:36:28Z
2018,Valero Texas Open,R2018041,2018-04-19,2018-04-22,STD,280,2020-01-25T18:36:28Z
2018,Zurich Classic of New Orleans,R2018018,2018-04-26,2018-04-29,STD,290,2020-01-25T18:36:28Z
2018,Wells Fargo Championship,R2018480,2018-05-03,2018-05-06,STD,300,2020-01-25T18:36:28Z
2018,THE PLAYERS Championship,R2018011,2018-05-10,2018-05-13,MJR,310,2020-01-25T18:36:28Z
2018,AT&T Byron Nelson,R2018019,2018-05-17,2018-05-20,STD,320,2020-01-25T18:36:28Z
2018,Fort Worth Invitational,R2018021,2018-05-24,2018-05-27,STD,330,2020-01-25T18:36:28Z
2018,the Memorial Tournament presented by Nationwide,R2018023,2018-05-31,2018-06-03,STD,340,2020-01-25T18:36:28Z
2018,FedEx St. Jude Classic,R2018025,2018-06-07,2018-06-10,STD,350,2020-01-25T18:36:28Z
2018,U.S. Open,R2018026,2018-06-14,2018-06-17,MJR,360,2020-01-25T18:36:28Z
2018,Travelers Championship,R2018034,2018-06-21,2018-06-24,STD,370,2020-01-25T18:36:28Z
2018,CVS Health Charity Classic,R2018486,2018-06-25,2018-06-25,OTH,375,2020-01-25T18:36:28Z
2018,Quicken Loans National,R2018471,2018-06-28,2018-07-01,STD,380,2020-01-25T18:36:28Z
2018,A Military Tribute at The Greenbrier,R2018490,2018-07-05,2018-07-08,STD,390,2020-01-25T18:36:28Z
2018,John Deere Classic,R2018030,2018-07-12,2018-07-15,STD,400,2020-01-25T18:36:28Z
2018,The Open Championship,R2018100,2018-07-19,2018-07-22,MJR,420,2020-01-25T18:36:28Z
2018,Barbasol Championship,R2018518,2018-07-19,2018-07-22,ALT,410,2020-01-25T18:36:28Z
2018,RBC Canadian Open,R2018032,2018-07-26,2018-07-29,STD,430,2020-01-25T18:36:28Z
2018,Barracuda Championship,R2018472,2018-08-02,2018-08-05,ALT,440,2020-01-25T18:36:28Z
2018,World Golf Championships-Bridgestone Invitational,R2018476,2018-08-02,2018-08-05,WGC,450,2020-01-25T18:36:28Z
2018,PGA Championship,R2018033,2018-08-09,2018-08-12,MJR,460,2020-01-25T18:36:28Z
2018,Wyndham Championship,R2018013,2018-08-16,2018-08-19,LRS,470,2020-01-25T18:36:28Z
2018,THE NORTHERN TRUST,R2018027,2018-08-23,2018-08-26,PLF,480,2020-01-25T18:36:28Z
2018,Dell Technologies Championship,R2018505,2018-08-31,2018-09-03,PLF,490,2020-01-25T18:36:28Z
2018,BMW Championship,R2018028,2018-09-06,2018-09-09,PLF,500,2020-01-25T18:36:28Z
2018,TOUR Championship,R2018060,2018-09-20,2018-09-23,PLS,510,2020-01-25T18:36:28Z
2018,Ryder Cup,R2018468,2018-09-28,2018-09-30,OTH,520,2020-01-25T18:36:28Z
2019,Safeway Open,R2019464,2018-10-04,2018-10-07,STD,10,2020-01-25T18:36:28Z
2019,CIMB Classic,R2019494,2018-10-11,2018-10-14,STD,20,2020-01-25T18:36:28Z
2019,THE CJ CUP @ NINE BRIDGES,R2019521,2018-10-18,2018-10-21,STD,30,2020-01-25T18:36:28Z
2019,Sanderson Farms Championship,R2019054,2018-10-25,2018-10-28,ALT,40,2020-01-25T18:36:28Z
2019,World Golf Championships-HSBC Champions,R2019489,2018-10-25,2018-10-28,WGC,50,2020-01-25T18:36:28Z
2019,Shriners Hospitals for Children Open,R2019047,2018-11-01,2018-11-04,STD,60,2020-01-25T18:36:28Z
2019,Mayakoba Golf Classic,R2019457,2018-11-08,2018-11-11,STD,70,2020-01-25T18:36:28Z
2019,The RSM Classic,R2019493,2018-11-15,2018-11-18,STD,80,2020-01-25T18:36:28Z
2019,ISPS Handa Melbourne World Cup of Golf,R2019169,2018-11-22,2018-11-25,OTH,85,2020-01-25T18:36:28Z
2019,Tiger vs. Phil,R2019526,2018-11-23,2018-11-23,OTH,83,2020-01-25T18:36:28Z
2019,Hero World Challenge,R2019478,2018-11-29,2018-12-02,OTH,90,2020-01-25T18:36:28Z
2019,QBE Shootout,R2019058,2018-12-07,2018-12-09,OTH,100,2020-01-25T18:36:28Z
2019,Sentry Tournament of Champions,R2019016,2019-01-03,2019-01-06,STD,110,2020-01-25T18:36:28Z
2019,Sony Open in Hawaii,R2019006,2019-01-10,2019-01-13,STD,120,2020-01-25T18:36:28Z
2019,Desert Classic,R2019002,2019-01-17,2019-01-20,STD,130,2020-01-25T18:36:28Z
2019,Farmers Insurance Open,R2019004,2019-01-24,2019-01-27,STD,140,2020-01-25T18:36:28Z
2019,Waste Management Phoenix Open,R2019003,2019-01-31,2019-02-03,STD,150,2020-01-25T18:36:28Z
2019,AT&T Pebble Beach Pro-Am,R2019005,2019-02-07,2019-02-10,STD,160,2020-01-25T18:36:28Z
2019,Genesis Open,R2019007,2019-02-14,2019-02-17,STD,170,2020-01-25T18:36:28Z
2019,World Golf Championships-Mexico Championship,R2019473,2019-02-21,2019-02-24,WGC,190,2020-01-25T18:36:28Z
2019,Puerto Rico Open,R2019483,2019-02-21,2019-02-24,ALT,180,2020-01-25T18:36:28Z
2019,The Honda Classic,R2019010,2019-02-28,2019-03-03,STD,200,2020-01-25T18:36:28Z
2019,Arnold Palmer Invitational presented by Mastercard,R2019009,2019-03-07,2019-03-10,STD,210,2020-01-25T18:36:28Z
2019,THE PLAYERS Championship,R2019011,2019-03-14,2019-03-17,MJR,220,2020-01-25T18:36:28Z
2019,Valspar Championship,R2019475,2019-03-21,2019-03-24,STD,230,2020-01-25T18:36:28Z
2019,World Golf Championships-Dell Technologies Match Play,R2019470,2019-03-27,2019-03-31,WGC,250,2020-01-25T18:36:28Z
2019,Corales Puntacana Resort & Club Championship,R2019522,2019-03-28,2019-03-31,ALT,240,2020-01-25T18:36:28Z
2019,Valero Texas Open,R2019041,2019-04-04,2019-04-07,STD,260,2020-01-25T18:36:28Z
2019,Masters Tournament,R2019014,2019-04-11,2019-04-14,MJR,270,2020-01-25T18:36:28Z
2019,RBC Heritage,R2019012,2019-04-18,2019-04-21,STD,280,2020-01-25T18:36:28Z
2019,Zurich Classic of New Orleans,R2019018,2019-04-25,2019-04-28,STD,290,2020-01-25T18:36:28Z
2019,Wells Fargo Championship,R2019480,2019-05-02,2019-05-05,STD,300,2020-01-25T18:36:28Z
2019,AT&T Byron Nelson,R2019019,2019-05-09,2019-05-12,STD,310,2020-01-25T18:36:28Z
2019,PGA Championship,R2019033,2019-05-16,2019-05-19,MJR,320,2020-01-25T18:36:28Z
2019,Charles Schwab Challenge,R2019021,2019-05-23,2019-05-26,STD,330,2020-01-25T18:36:28Z
2019,the Memorial Tournament presented by Nationwide,R2019023,2019-05-30,2019-06-02,STD,340,2020-01-25T18:36:28Z
2019,RBC Canadian Open,R2019032,2019-06-06,2019-06-09,STD,350,2020-01-25T18:36:28Z
2019,U.S. Open,R2019026,2019-06-13,2019-06-16,MJR,360,2020-01-25T18:36:28Z
2019,Travelers Championship,R2019034,2019-06-20,2019-06-23,STD,370,2020-01-25T18:36:28Z
2019,CVS Health Charity Classic,R2019486,2019-06-24,2019-06-24,OTH,375,2020-01-25T18:36:28Z
2019,Rocket Mortgage Classic,R2019524,2019-06-27,2019-06-30,STD,380,2020-01-25T18:36:28Z
2019,3M Open,R2019525,2019-07-04,2019-07-07,STD,390,2020-01-25T18:36:28Z
2019,John Deere Classic,R2019030,2019-07-11,2019-07-14,STD,400,2020-01-25T18:36:28Z
2019,The Open Championship,R2019100,2019-07-18,2019-07-21,MJR,420,2020-01-25T18:36:28Z
2019,Barbasol Championship,R2019518,2019-07-18,2019-07-21,ALT,410,2020-01-25T18:36:28Z
2019,World Golf Championships-FedEx St. Jude Invitational,R2019476,2019-07-25,2019-07-28,WGC,430,2020-01-25T18:36:28Z
2019,Barracuda Championship,R2019472,2019-07-25,2019-07-28,ALT,440,2020-01-25T18:36:28Z
2019,Wyndham Championship,R2019013,2019-08-01,2019-08-04,LRS,450,2020-01-25T18:36:28Z
2019,THE NORTHERN TRUST,R2019027,2019-08-08,2019-08-11,PLF,460,2020-01-25T18:36:28Z
2019,BMW Championship,R2019028,2019-08-15,2019-08-18,PLF,470,2020-01-25T18:36:28Z
2019,TOUR Championship,R2019060,2019-08-22,2019-08-25,PLS,480,2020-01-25T18:36:28Z
2020,A Military Tribute at The Greenbrier,R2020490,2019-09-12,2019-09-15,STD,10,2020-01-25T18:36:28Z
2020,Sanderson Farms Championship,R2020054,2019-09-19,2019-09-22,STD,20,2020-01-25T18:36:28Z
2020,Safeway Open,R2020464,2019-09-26,2019-09-29,STD,30,2020-01-25T18:36:28Z
2020,Shriners Hospitals for Children Open,R2020047,2019-10-03,2019-10-06,STD,40,2020-01-25T18:36:28Z
2020,Houston Open,R2020020,2019-10-10,2019-10-13,STD,50,2020-01-25T18:36:28Z
2020,THE CJ CUP @ NINE BRIDGES,R2020521,2019-10-17,2019-10-20,STD,60,2020-01-25T18:36:28Z
2020,MGM Resorts The Challenge: Japan Skins,R2020530,2019-10-21,2019-10-21,OTH,65,2020-01-25T18:36:28Z
2020,ZOZO CHAMPIONSHIP,R2020527,2019-10-24,2019-10-27,STD,70,2020-01-25T18:36:28Z
2020,World Golf Championships-HSBC Champions,R2020489,2019-10-31,2019-11-03,WGC,90,2020-01-25T18:36:28Z
2020,Bermuda Championship,R2020528,2019-10-31,2019-11-03,ALT,80,2020-01-25T18:36:28Z
2020,Mayakoba Golf Classic,R2020457,2019-11-14,2019-11-17,STD,100,2020-01-25T18:36:28Z
2020,The RSM Classic,R2020493,2019-11-21,2019-11-24,STD,110,2020-01-25T18:36:28Z
2020,Hero World Challenge,R2020478,2019-12-04,2019-12-07,OTH,120,2020-01-25T18:36:28Z
2020,Presidents Cup,R2020500,2019-12-12,2019-12-15,OTH,130,2020-01-25T18:36:28Z
2020,QBE Shootout,R2020058,2019-12-13,2019-12-15,OTH,125,2020-01-25T18:36:28Z
2020,Sentry Tournament of Champions,R2020016,2020-01-02,2020-01-05,STD,140,2020-01-25T18:36:28Z
2020,Sony Open in Hawaii,R2020006,2020-01-09,2020-01-12,STD,150,2020-01-25T18:36:28Z
2020,The American Express,R2020002,2020-01-16,2020-01-19,STD,160,2020-01-25T18:36:28Z
2020,Farmers Insurance Open,R2020004,2020-01-23,2020-01-26,STD,170,2020-01-25T18:36:28Z
2020,Waste Management Phoenix Open,R2020003,2020-01-30,2020-02-02,STD,180,2020-01-25T18:36:28Z
2020,AT&T Pebble Beach Pro-Am,R2020005,2020-02-06,2020-02-09,STD,190,2020-01-25T18:36:28Z
2020,The Genesis Invitational,R2020007,2020-02-13,2020-02-16,STD,200,2020-01-25T18:36:28Z
2020,Puerto Rico Open,R2020483,2020-02-20,2020-02-23,ALT,210,2020-01-25T18:36:28Z
2020,World Golf Championships-Mexico Championship,R2020473,2020-02-20,2020-02-23,WGC,220,2020-01-25T18:36:28Z
2020,The Honda Classic,R2020010,2020-02-27,2020-03-01,STD,230,2020-01-25T18:36:28Z
2020,Arnold Palmer Invitational presented by Mastercard,R2020009,2020-03-05,2020-03-08,STD,240,2020-01-25T18:36:28Z
2020,THE PLAYERS Championship,R2020011,2020-03-12,2020-03-15,MJR,250,2020-01-25T18:36:28Z
2020,Valspar Championship,R2020475,2020-03-19,2020-03-22,STD,260,2020-01-25T18:36:28Z
2020,Corales Puntacana Resort & Club Championship,R2020522,2020-03-26,2020-03-29,ALT,270,2020-01-25T18:36:28Z
2020,World Golf Championships-Dell Technologies Match Play,R2020470,2020-03-26,2020-03-29,WGC,280,2020-01-25T18:36:28Z
2020,Valero Texas Open,R2020041,2020-04-02,2020-04-05,STD,290,2020-01-25T18:36:28Z
2020,Masters Tournament,R2020014,2020-04-09,2020-04-12,MJR,300,2020-01-25T18:36:28Z
2020,RBC Heritage,R2020012,2020-04-16,2020-04-19,STD,310,2020-01-25T18:36:28Z
2020,Zurich Classic of New Orleans,R2020018,2020-04-23,2020-04-26,STD,320,2020-01-25T18:36:28Z
2020,Wells Fargo Championship,R2020480,2020-04-30,2020-05-03,STD,330,2020-01-25T18:36:28Z
2020,AT&T Byron Nelson,R2020019,2020-05-07,2020-05-10,STD,340,2020-01-25T18:36:28Z
2020,PGA Championship,R2020033,2020-05-14,2020-05-17,MJR,350,2020-01-25T18:36:28Z
2020,Charles Schwab Challenge,R2020021,2020-05-21,2020-05-24,STD,360,2020-01-25T18:36:28Z
2020,Rocket Mortgage Classic,R2020524,2020-05-28,2020-05-31,STD,370,2020-01-25T18:36:28Z
2020,the Memorial Tournament presented by Nationwide,R2020023,2020-06-04,2020-06-07,STD,380,2020-01-25T18:36:28Z
2020,RBC Canadian Open,R2020032,2020-06-11,2020-06-14,STD,390,2020-01-25T18:36:28Z
2020,U.S. Open,R2020026,2020-06-18,2020-06-21,MJR,400,2020-01-25T18:36:28Z
2020,Travelers Championship,R2020034,2020-06-25,2020-06-28,STD,410,2020-01-25T18:36:28Z
2020,Barracuda Championship,R2020472,2020-07-02,2020-07-05,ALT,420,2020-01-25T18:36:28Z
2020,World Golf Championships-FedEx St. Jude Invitational,R2020476,2020-07-02,2020-07-05,WGC,430,2020-01-25T18:36:28Z
2020,John Deere Classic,R2020030,2020-07-09,2020-07-12,STD,440,2020-01-25T18:36:28Z
2020,Barbasol Championship,R2020518,2020-07-16,2020-07-19,ALT,450,2020-01-25T18:36:28Z
2020,The Open Championship,R2020100,2020-07-16,2020-07-19,MJR,460,2020-01-25T18:36:28Z
2020,3M Open,R2020525,2020-07-23,2020-07-26,STD,470,2020-01-25T18:36:28Z
2020,Olympic Men's Golf Competition,R2020519,2020-07-30,2020-08-02,OTH,480,2020-01-25T18:36:28Z
2020,Wyndham Championship,R2020013,2020-08-06,2020-08-09,LRS,490,2020-01-25T18:36:28Z
2020,THE NORTHERN TRUST,R2020027,2020-08-13,2020-08-16,PLF,500,2020-01-25T18:36:28Z
2020,BMW Championship,R2020028,2020-08-20,2020-08-23,PLF,510,2020-01-25T18:36:28Z
2020,TOUR Championship,R2020060,2020-08-27,2020-08-30,PLS,520,2020-01-25T18:36:28Z
